date,session_source_medium,default_channel_group,campaign_name,sessions,total_users,new_users,engaged_sessions,average_engagement_time_seconds,event_count,key_events,cost_usd
2026-01-01,google / organic,Organic Search,organic_non_brand,131,94,54,90,121,465,6,23.41
2026-01-01,google / cpc,Paid Search,google_ecommerce_leads,52,39,25,31,52,186,2,59.34
2026-01-01,facebook / paid_social,Paid Social,fb_business_website_awareness,87,73,38,43,41,259,4,35.59
2026-01-01,newsletter / email,Email,client_referral_nurture,18,13,7,15,95,57,1,1.5
2026-01-01,(direct) / (none),Direct,direct_none,41,31,20,24,62,111,2,0.0
2026-01-01,partner_sites / referral,Referral,directory_referrals,29,24,14,19,47,77,1,1.42
2026-01-02,google / organic,Organic Search,organic_non_brand,137,110,68,89,96,534,6,27.1
2026-01-02,google / cpc,Paid Search,google_website_service_leads,71,57,31,45,90,278,4,89.63
2026-01-02,facebook / paid_social,Paid Social,fb_business_website_awareness,90,74,44,35,35,364,1,40.25
2026-01-02,newsletter / email,Email,monthly_newsletter,22,19,13,16,92,80,1,2.13
2026-01-02,(direct) / (none),Direct,direct_none,44,37,20,28,95,122,0,0.0
2026-01-02,partner_sites / referral,Referral,directory_referrals,24,20,14,15,109,73,0,1.28
2026-01-03,google / organic,Organic Search,seo_service_pages,103,79,51,64,92,321,4,19.55
2026-01-03,google / cpc,Paid Search,google_website_service_leads,44,33,22,25,67,176,3,53.22
2026-01-03,facebook / paid_social,Paid Social,fb_business_website_awareness,56,44,30,29,59,161,2,22.35
2026-01-03,newsletter / email,Email,client_referral_nurture,13,10,5,9,103,37,0,1.3
2026-01-03,(direct) / (none),Direct,direct_none,31,22,12,16,74,125,1,0.0
2026-01-03,partner_sites / referral,Referral,agency_partner_backlinks,19,13,8,13,92,63,0,0.92
2026-01-04,google / organic,Organic Search,organic_non_brand,101,79,45,68,96,308,3,18.29
2026-01-04,google / cpc,Paid Search,google_brand_leads,45,34,19,27,75,171,2,56.42
2026-01-04,facebook / paid_social,Paid Social,fb_ecommerce_leads,77,66,45,37,77,286,0,30.74
2026-01-04,newsletter / email,Email,monthly_newsletter,13,9,5,9,58,46,1,1.21
2026-01-04,(direct) / (none),Direct,direct_none,35,27,17,20,71,101,1,0.0
2026-01-04,partner_sites / referral,Referral,directory_referrals,17,14,10,10,98,48,0,0.94
2026-01-05,google / organic,Organic Search,organic_non_brand,148,124,86,99,98,480,5,27.1
2026-01-05,google / cpc,Paid Search,google_website_service_leads,62,52,36,38,112,153,4,64.46
2026-01-05,facebook / paid_social,Paid Social,fb_remarketing_portfolio,96,77,50,44,47,249,3,43.4
2026-01-05,newsletter / email,Email,client_referral_nurture,51,42,25,38,86,160,7,4.66
2026-01-05,(direct) / (none),Direct,direct_none,57,47,26,32,66,198,1,0.0
2026-01-05,partner_sites / referral,Referral,agency_partner_backlinks,28,23,16,17,82,76,1,1.45
2026-01-06,google / organic,Organic Search,organic_non_brand,133,103,72,84,42,351,3,21.73
2026-01-06,google / cpc,Paid Search,google_ecommerce_leads,56,46,27,31,83,149,3,64.33
2026-01-06,facebook / paid_social,Paid Social,fb_ecommerce_leads,79,66,43,34,59,276,2,35.23
2026-01-06,newsletter / email,Email,client_referral_nurture,19,16,8,14,101,52,1,1.77
2026-01-06,(direct) / (none),Direct,direct_none,43,31,16,25,96,176,2,0.0
2026-01-06,partner_sites / referral,Referral,agency_partner_backlinks,28,22,12,14,78,100,1,1.48
2026-01-07,google / organic,Organic Search,organic_non_brand,137,106,65,92,111,375,2,25.97
2026-01-07,google / cpc,Paid Search,google_website_service_leads,52,43,24,30,117,144,3,56.88
2026-01-07,facebook / paid_social,Paid Social,fb_ecommerce_leads,81,67,36,38,60,270,3,37.62
2026-01-07,newsletter / email,Email,monthly_newsletter,19,14,10,13,82,74,1,1.57
2026-01-07,(direct) / (none),Direct,direct_none,50,41,30,29,67,194,2,0.0
2026-01-07,partner_sites / referral,Referral,agency_partner_backlinks,29,21,14,20,92,71,0,1.4
2026-01-08,google / organic,Organic Search,seo_service_pages,115,86,49,74,81,383,6,22.11
2026-01-08,google / cpc,Paid Search,google_ecommerce_leads,75,61,38,44,95,201,5,91.29
2026-01-08,facebook / paid_social,Paid Social,fb_business_website_awareness,73,62,46,38,57,279,3,27.92
2026-01-08,newsletter / email,Email,client_referral_nurture,18,15,8,13,95,58,1,1.59
2026-01-08,(direct) / (none),Direct,direct_none,53,38,24,29,74,192,1,0.0
2026-01-08,partner_sites / referral,Referral,directory_referrals,29,25,13,18,90,79,1,1.47
2026-01-09,google / organic,Organic Search,organic_non_brand,123,89,58,86,114,376,5,23.59
2026-01-09,google / cpc,Paid Search,google_ecommerce_leads,65,55,35,37,71,168,4,78.3
2026-01-09,facebook / paid_social,Paid Social,fb_remarketing_portfolio,85,69,45,36,50,254,3,38.52
2026-01-09,newsletter / email,Email,client_referral_nurture,22,19,12,15,87,61,1,1.83
2026-01-09,(direct) / (none),Direct,direct_none,54,43,26,31,85,146,1,0.0
2026-01-09,partner_sites / referral,Referral,agency_partner_backlinks,26,20,11,15,73,64,1,1.27
2026-01-10,google / organic,Organic Search,organic_non_brand,83,72,46,57,56,222,4,14.33
2026-01-10,google / cpc,Paid Search,google_website_service_leads,53,38,26,35,78,191,3,62.59
2026-01-10,facebook / paid_social,Paid Social,fb_business_website_awareness,64,51,27,31,55,170,2,28.18
2026-01-10,newsletter / email,Email,monthly_newsletter,13,10,5,8,107,41,0,1.15
2026-01-10,(direct) / (none),Direct,direct_none,33,28,14,19,47,115,1,0.0
2026-01-10,partner_sites / referral,Referral,agency_partner_backlinks,18,13,7,11,41,48,0,0.97
2026-01-11,google / organic,Organic Search,seo_service_pages,101,75,44,64,84,367,3,20.16
2026-01-11,google / cpc,Paid Search,google_ecommerce_leads,55,46,29,34,93,207,2,58.37
2026-01-11,facebook / paid_social,Paid Social,fb_remarketing_portfolio,54,45,25,23,71,210,1,20.85
2026-01-11,newsletter / email,Email,monthly_newsletter,16,13,7,12,97,57,1,1.52
2026-01-11,(direct) / (none),Direct,direct_none,36,30,22,22,87,109,1,0.0
2026-01-11,partner_sites / referral,Referral,directory_referrals,22,18,11,13,68,69,0,0.99
2026-01-12,google / organic,Organic Search,seo_service_pages,135,117,78,94,111,379,9,26.2
2026-01-12,google / cpc,Paid Search,google_ecommerce_leads,67,55,37,42,43,190,1,76.44
2026-01-12,facebook / paid_social,Paid Social,fb_remarketing_portfolio,92,74,55,45,50,332,2,38.82
2026-01-12,newsletter / email,Email,client_referral_nurture,18,13,7,12,80,52,1,1.63
2026-01-12,(direct) / (none),Direct,direct_none,54,43,31,35,61,189,2,0.0
2026-01-12,partner_sites / referral,Referral,agency_partner_backlinks,29,22,12,19,71,92,1,1.58
2026-01-13,google / organic,Organic Search,organic_non_brand,119,101,74,73,81,427,7,19.49
2026-01-13,google / cpc,Paid Search,google_website_service_leads,63,53,36,36,86,172,4,68.64
2026-01-13,facebook / paid_social,Paid Social,fb_ecommerce_leads,91,67,41,49,86,309,1,40.89
2026-01-13,newsletter / email,Email,monthly_newsletter,19,15,9,14,95,69,1,1.76
2026-01-13,(direct) / (none),Direct,direct_none,54,40,28,29,92,185,2,0.0
2026-01-13,partner_sites / referral,Referral,directory_referrals,25,20,13,15,100,74,0,1.16
2026-01-14,google / organic,Organic Search,seo_service_pages,149,114,71,97,76,505,5,26.0
2026-01-14,google / cpc,Paid Search,google_brand_leads,54,41,28,32,73,154,2,60.8
2026-01-14,facebook / paid_social,Paid Social,fb_business_website_awareness,92,79,49,41,71,307,3,41.93
2026-01-14,newsletter / email,Email,monthly_newsletter,22,16,11,17,71,86,1,2.15
2026-01-14,(direct) / (none),Direct,direct_none,56,45,31,31,77,159,2,0.0
2026-01-14,partner_sites / referral,Referral,directory_referrals,24,18,12,14,80,76,0,1.21
2026-01-15,google / organic,Organic Search,seo_service_pages,105,86,64,69,75,308,6,17.05
2026-01-15,google / cpc,Paid Search,google_ecommerce_leads,56,41,27,33,82,223,3,64.71
2026-01-15,facebook / paid_social,Paid Social,fb_ecommerce_leads,74,60,33,35,29,201,2,29.63
2026-01-15,newsletter / email,Email,client_referral_nurture,17,12,6,12,86,43,1,1.69
2026-01-15,(direct) / (none),Direct,direct_none,52,43,27,31,77,179,0,0.0
2026-01-15,partner_sites / referral,Referral,directory_referrals,26,22,16,16,79,87,1,1.19
2026-01-16,google / organic,Organic Search,organic_non_brand,135,98,72,93,72,470,5,22.93
2026-01-16,google / cpc,Paid Search,google_website_service_leads,73,55,30,42,67,195,4,90.13
2026-01-16,facebook / paid_social,Paid Social,fb_ecommerce_leads,100,81,54,50,59,371,2,40.1
2026-01-16,newsletter / email,Email,monthly_newsletter,16,13,9,12,95,40,1,1.55
2026-01-16,(direct) / (none),Direct,direct_none,49,37,23,24,63,191,1,0.0
2026-01-16,partner_sites / referral,Referral,agency_partner_backlinks,28,21,11,18,68,88,1,1.32
2026-01-17,google / organic,Organic Search,seo_service_pages,103,75,50,64,108,294,4,20.16
2026-01-17,google / cpc,Paid Search,google_brand_leads,56,40,28,33,68,170,3,62.43
2026-01-17,facebook / paid_social,Paid Social,fb_remarketing_portfolio,65,48,30,31,30,158,2,26.06
2026-01-17,newsletter / email,Email,client_referral_nurture,13,10,6,10,100,39,0,1.3
2026-01-17,(direct) / (none),Direct,direct_none,43,35,25,30,96,105,1,0.0
2026-01-17,partner_sites / referral,Referral,directory_referrals,18,13,7,12,105,59,0,0.95
2026-01-18,google / organic,Organic Search,organic_non_brand,95,73,47,67,86,260,4,16.45
2026-01-18,google / cpc,Paid Search,google_website_service_leads,44,35,20,29,80,131,2,45.86
2026-01-18,facebook / paid_social,Paid Social,fb_business_website_awareness,56,47,34,23,46,137,1,21.87
2026-01-18,newsletter / email,Email,client_referral_nurture,15,12,7,10,129,46,1,1.3
2026-01-18,(direct) / (none),Direct,direct_none,39,28,18,18,54,146,2,0.0
2026-01-18,partner_sites / referral,Referral,directory_referrals,18,13,9,10,55,60,0,0.98
2026-01-19,google / organic,Organic Search,seo_service_pages,127,100,70,83,98,396,7,24.25
2026-01-19,google / cpc,Paid Search,google_ecommerce_leads,61,49,29,37,102,219,3,64.88
2026-01-19,facebook / paid_social,Paid Social,fb_remarketing_portfolio,99,72,49,38,57,363,2,42.21
2026-01-19,newsletter / email,Email,client_referral_nurture,16,12,8,12,104,55,1,1.55
2026-01-19,(direct) / (none),Direct,direct_none,52,44,28,31,74,204,1,0.0
2026-01-19,partner_sites / referral,Referral,directory_referrals,24,17,12,14,81,80,0,1.1
2026-01-20,google / organic,Organic Search,organic_non_brand,110,93,61,73,79,428,5,18.17
2026-01-20,google / cpc,Paid Search,google_brand_leads,55,40,26,35,66,207,3,59.79
2026-01-20,facebook / paid_social,Paid Social,fb_remarketing_portfolio,75,59,33,30,72,256,3,33.32
2026-01-20,newsletter / email,Email,monthly_newsletter,63,51,35,46,97,176,6,5.88
2026-01-20,(direct) / (none),Direct,direct_none,49,40,22,29,80,130,1,0.0
2026-01-20,partner_sites / referral,Referral,directory_referrals,26,19,13,17,87,71,1,1.42
2026-01-21,google / organic,Organic Search,organic_non_brand,136,102,65,94,54,371,8,25.68
2026-01-21,google / cpc,Paid Search,google_ecommerce_leads,76,59,37,49,61,189,3,91.48
2026-01-21,facebook / paid_social,Paid Social,fb_remarketing_portfolio,71,60,36,32,70,212,3,27.41
2026-01-21,newsletter / email,Email,client_referral_nurture,22,18,11,15,83,80,1,2.17
2026-01-21,(direct) / (none),Direct,direct_none,42,34,18,24,91,162,1,0.0
2026-01-21,partner_sites / referral,Referral,agency_partner_backlinks,22,17,12,13,61,79,1,1.17
2026-01-22,google / organic,Organic Search,organic_non_brand,120,93,64,75,78,400,3,22.11
2026-01-22,google / cpc,Paid Search,google_ecommerce_leads,64,50,31,38,104,191,3,82.07
2026-01-22,facebook / paid_social,Paid Social,fb_ecommerce_leads,68,55,30,28,81,230,2,28.1
2026-01-22,newsletter / email,Email,monthly_newsletter,18,13,7,12,87,63,1,1.67
2026-01-22,(direct) / (none),Direct,direct_none,58,42,23,31,71,204,1,0.0
2026-01-22,partner_sites / referral,Referral,agency_partner_backlinks,28,22,16,18,68,94,1,1.51
2026-01-23,google / organic,Organic Search,organic_non_brand,137,118,71,90,67,331,7,25.95
2026-01-23,google / cpc,Paid Search,google_website_service_leads,69,57,39,44,78,172,4,77.23
2026-01-23,facebook / paid_social,Paid Social,fb_ecommerce_leads,82,63,41,36,39,295,2,34.82
2026-01-23,newsletter / email,Email,client_referral_nurture,18,14,8,13,124,60,1,1.55
2026-01-23,(direct) / (none),Direct,direct_none,59,50,27,31,91,155,2,0.0
2026-01-23,partner_sites / referral,Referral,directory_referrals,29,25,14,18,100,107,0,1.39
2026-01-24,google / organic,Organic Search,seo_service_pages,115,94,54,72,88,301,3,19.54
2026-01-24,google / cpc,Paid Search,google_website_service_leads,40,31,23,23,91,99,3,45.01
2026-01-24,facebook / paid_social,Paid Social,fb_remarketing_portfolio,55,47,29,26,66,142,1,21.94
2026-01-24,newsletter / email,Email,monthly_newsletter,13,9,5,9,101,50,0,1.23
2026-01-24,(direct) / (none),Direct,direct_none,42,36,22,24,41,108,1,0.0
2026-01-24,partner_sites / referral,Referral,directory_referrals,23,16,8,13,54,90,1,1.15
2026-01-25,google / organic,Organic Search,organic_non_brand,94,70,36,57,68,240,4,18.88
2026-01-25,google / cpc,Paid Search,google_brand_leads,44,32,22,29,116,156,3,47.56
2026-01-25,facebook / paid_social,Paid Social,fb_business_website_awareness,52,40,23,27,51,157,1,23.63
2026-01-25,newsletter / email,Email,client_referral_nurture,12,9,5,8,122,39,1,1.05
2026-01-25,(direct) / (none),Direct,direct_none,31,22,14,17,75,103,1,0.0
2026-01-25,partner_sites / referral,Referral,directory_referrals,18,14,9,11,100,45,0,1.0
2026-01-26,google / organic,Organic Search,seo_service_pages,120,105,67,79,78,336,6,19.7
2026-01-26,google / cpc,Paid Search,google_ecommerce_leads,56,42,30,31,82,197,2,67.8
2026-01-26,facebook / paid_social,Paid Social,fb_business_website_awareness,87,67,43,47,57,270,3,39.23
2026-01-26,newsletter / email,Email,client_referral_nurture,19,16,10,14,87,52,1,1.72
2026-01-26,(direct) / (none),Direct,direct_none,57,44,26,32,71,137,1,0.0
2026-01-26,partner_sites / referral,Referral,directory_referrals,23,18,12,15,86,62,0,1.08
2026-01-27,google / organic,Organic Search,organic_non_brand,120,103,70,80,85,388,4,24.16
2026-01-27,google / cpc,Paid Search,google_website_service_leads,77,56,30,47,63,243,4,88.7
2026-01-27,facebook / paid_social,Paid Social,fb_ecommerce_leads,88,72,45,46,54,240,3,33.57
2026-01-27,newsletter / email,Email,monthly_newsletter,16,13,7,11,70,40,1,1.6
2026-01-27,(direct) / (none),Direct,direct_none,50,38,21,27,84,135,1,0.0
2026-01-27,partner_sites / referral,Referral,directory_referrals,23,19,9,14,102,62,0,1.17
2026-01-28,google / organic,Organic Search,seo_service_pages,132,97,63,90,101,485,6,26.52
2026-01-28,google / cpc,Paid Search,google_website_service_leads,62,53,28,36,74,157,3,66.13
2026-01-28,facebook / paid_social,Paid Social,fb_business_website_awareness,78,63,39,36,56,195,2,33.68
2026-01-28,newsletter / email,Email,client_referral_nurture,16,12,6,11,44,59,0,1.59
2026-01-28,(direct) / (none),Direct,direct_none,56,45,26,30,58,164,2,0.0
2026-01-28,partner_sites / referral,Referral,agency_partner_backlinks,32,27,19,21,120,98,1,1.73
2026-01-29,google / organic,Organic Search,seo_service_pages,125,100,61,88,88,363,5,24.93
2026-01-29,google / cpc,Paid Search,google_website_service_leads,68,53,34,40,58,277,3,73.99
2026-01-29,facebook / paid_social,Paid Social,fb_remarketing_portfolio,89,64,33,46,80,246,4,34.75
2026-01-29,newsletter / email,Email,monthly_newsletter,17,13,7,12,90,48,0,1.51
2026-01-29,(direct) / (none),Direct,direct_none,60,49,36,37,79,208,2,0.0
2026-01-29,partner_sites / referral,Referral,agency_partner_backlinks,29,23,15,17,81,110,0,1.43
2026-01-30,google / organic,Organic Search,organic_non_brand,107,77,53,73,93,422,6,17.76
2026-01-30,google / cpc,Paid Search,google_ecommerce_leads,57,45,26,37,96,202,3,64.19
2026-01-30,facebook / paid_social,Paid Social,fb_business_website_awareness,92,74,48,41,63,312,3,35.52
2026-01-30,newsletter / email,Email,monthly_newsletter,16,13,7,10,70,56,1,1.59
2026-01-30,(direct) / (none),Direct,direct_none,60,49,28,37,44,198,2,0.0
2026-01-30,partner_sites / referral,Referral,agency_partner_backlinks,23,18,10,15,56,90,1,1.15
2026-01-31,google / organic,Organic Search,seo_service_pages,119,90,63,71,98,480,5,22.6
2026-01-31,google / cpc,Paid Search,google_website_service_leads,54,44,27,34,82,182,2,58.05
2026-01-31,facebook / paid_social,Paid Social,fb_remarketing_portfolio,60,43,23,29,38,159,1,23.69
2026-01-31,newsletter / email,Email,monthly_newsletter,13,10,7,8,102,41,0,1.08
2026-01-31,(direct) / (none),Direct,direct_none,45,32,22,24,70,171,1,0.0
2026-01-31,partner_sites / referral,Referral,agency_partner_backlinks,21,17,12,11,81,65,1,1.07
2026-02-01,google / organic,Organic Search,seo_service_pages,116,85,53,84,88,347,5,23.27
2026-02-01,google / cpc,Paid Search,google_brand_leads,41,30,18,23,90,136,3,46.39
2026-02-01,facebook / paid_social,Paid Social,fb_remarketing_portfolio,69,54,31,27,39,266,3,26.74
2026-02-01,newsletter / email,Email,monthly_newsletter,12,10,5,8,96,39,0,1.12
2026-02-01,(direct) / (none),Direct,direct_none,41,35,19,23,51,106,2,0.0
2026-02-01,partner_sites / referral,Referral,directory_referrals,20,17,11,10,81,60,0,0.95
2026-02-02,google / organic,Organic Search,organic_non_brand,154,128,73,90,116,582,8,29.93
2026-02-02,google / cpc,Paid Search,google_ecommerce_leads,76,65,37,46,70,304,5,90.44
2026-02-02,facebook / paid_social,Paid Social,fb_ecommerce_leads,75,56,30,37,55,289,2,33.57
2026-02-02,newsletter / email,Email,monthly_newsletter,21,17,10,15,121,67,1,1.9
2026-02-02,(direct) / (none),Direct,direct_none,45,34,18,28,40,158,1,0.0
2026-02-02,partner_sites / referral,Referral,directory_referrals,29,21,13,18,109,92,0,1.41
2026-02-03,google / organic,Organic Search,organic_non_brand,112,85,53,75,94,409,4,18.38
2026-02-03,google / cpc,Paid Search,google_brand_leads,65,52,38,35,104,226,5,69.82
2026-02-03,facebook / paid_social,Paid Social,fb_business_website_awareness,76,66,34,31,64,197,3,29.58
2026-02-03,newsletter / email,Email,client_referral_nurture,17,12,6,12,74,67,1,1.48
2026-02-03,(direct) / (none),Direct,direct_none,61,51,36,29,63,217,2,0.0
2026-02-03,partner_sites / referral,Referral,directory_referrals,23,19,12,13,96,76,1,1.16
2026-02-04,google / organic,Organic Search,organic_non_brand,161,121,83,111,93,609,9,26.99
2026-02-04,google / cpc,Paid Search,google_website_service_leads,70,57,35,45,93,172,4,87.1
2026-02-04,facebook / paid_social,Paid Social,fb_ecommerce_leads,68,58,35,35,76,214,2,27.11
2026-02-04,newsletter / email,Email,client_referral_nurture,17,13,6,12,122,50,1,1.68
2026-02-04,(direct) / (none),Direct,direct_none,57,46,31,32,55,178,3,0.0
2026-02-04,partner_sites / referral,Referral,directory_referrals,30,24,17,19,75,122,0,1.59
2026-02-05,google / organic,Organic Search,organic_non_brand,127,97,71,80,98,332,2,24.18
2026-02-05,google / cpc,Paid Search,google_ecommerce_leads,63,49,28,40,117,229,1,67.06
2026-02-05,facebook / paid_social,Paid Social,fb_business_website_awareness,120,100,57,60,66,356,1,52.81
2026-02-05,newsletter / email,Email,monthly_newsletter,58,44,32,44,49,217,8,4.92
2026-02-05,(direct) / (none),Direct,direct_none,60,49,28,28,55,166,2,0.0
2026-02-05,partner_sites / referral,Referral,agency_partner_backlinks,29,22,12,19,114,111,0,1.54
2026-02-06,google / organic,Organic Search,seo_service_pages,143,111,72,89,105,578,4,27.34
2026-02-06,google / cpc,Paid Search,google_website_service_leads,57,41,23,36,120,196,3,59.0
2026-02-06,facebook / paid_social,Paid Social,fb_business_website_awareness,124,90,57,64,42,366,4,52.61
2026-02-06,newsletter / email,Email,monthly_newsletter,17,13,9,12,76,65,1,1.58
2026-02-06,(direct) / (none),Direct,direct_none,60,52,37,34,65,201,0,0.0
2026-02-06,partner_sites / referral,Referral,agency_partner_backlinks,29,23,14,18,85,87,0,1.54
2026-02-07,google / organic,Organic Search,organic_non_brand,83,72,44,53,104,316,5,14.97
2026-02-07,google / cpc,Paid Search,google_website_service_leads,46,38,25,24,98,122,3,55.6
2026-02-07,facebook / paid_social,Paid Social,fb_remarketing_portfolio,81,70,42,42,64,230,1,35.36
2026-02-07,newsletter / email,Email,client_referral_nurture,17,14,8,12,61,65,1,1.44
2026-02-07,(direct) / (none),Direct,direct_none,39,30,20,21,81,155,1,0.0
2026-02-07,partner_sites / referral,Referral,directory_referrals,21,17,12,12,90,51,1,0.96
2026-02-08,google / organic,Organic Search,organic_non_brand,118,99,59,76,83,413,3,21.12
2026-02-08,google / cpc,Paid Search,google_website_service_leads,41,35,24,22,63,148,1,43.91
2026-02-08,facebook / paid_social,Paid Social,fb_business_website_awareness,91,68,36,48,58,357,2,38.53
2026-02-08,newsletter / email,Email,client_referral_nurture,17,13,8,12,117,48,1,1.42
2026-02-08,(direct) / (none),Direct,direct_none,31,26,16,17,69,112,0,0.0
2026-02-08,partner_sites / referral,Referral,agency_partner_backlinks,20,15,8,12,52,52,0,1.04
2026-02-09,google / organic,Organic Search,seo_service_pages,114,89,54,75,88,376,6,18.54
2026-02-09,google / cpc,Paid Search,google_website_service_leads,78,68,49,45,68,224,5,87.32
2026-02-09,facebook / paid_social,Paid Social,fb_remarketing_portfolio,117,94,69,57,44,439,3,54.2
2026-02-09,newsletter / email,Email,monthly_newsletter,21,15,8,15,79,67,1,2.07
2026-02-09,(direct) / (none),Direct,direct_none,54,39,26,28,90,193,2,0.0
2026-02-09,partner_sites / referral,Referral,directory_referrals,21,17,8,12,84,59,1,1.0
2026-02-10,google / organic,Organic Search,seo_service_pages,137,107,67,88,74,398,8,22.6
2026-02-10,google / cpc,Paid Search,google_website_service_leads,57,47,30,38,91,150,3,73.01
2026-02-10,facebook / paid_social,Paid Social,fb_ecommerce_leads,101,75,46,48,53,302,2,40.29
2026-02-10,newsletter / email,Email,monthly_newsletter,17,13,8,11,79,46,1,1.49
2026-02-10,(direct) / (none),Direct,direct_none,51,40,27,29,62,160,1,0.0
2026-02-10,partner_sites / referral,Referral,directory_referrals,23,19,13,14,44,92,1,1.1
2026-02-11,google / organic,Organic Search,seo_service_pages,118,88,58,77,88,301,7,23.55
2026-02-11,google / cpc,Paid Search,google_ecommerce_leads,73,57,35,43,85,213,3,78.83
2026-02-11,facebook / paid_social,Paid Social,fb_remarketing_portfolio,123,98,55,55,68,501,2,55.04
2026-02-11,newsletter / email,Email,monthly_newsletter,18,15,8,12,64,46,1,1.46
2026-02-11,(direct) / (none),Direct,direct_none,40,31,16,24,60,154,1,0.0
2026-02-11,partner_sites / referral,Referral,directory_referrals,27,23,12,16,77,81,0,1.27
2026-02-12,google / organic,Organic Search,organic_non_brand,164,144,104,110,91,618,8,31.18
2026-02-12,google / cpc,Paid Search,google_ecommerce_leads,78,57,37,50,84,304,5,89.82
2026-02-12,facebook / paid_social,Paid Social,fb_business_website_awareness,104,81,48,47,75,377,3,41.15
2026-02-12,newsletter / email,Email,client_referral_nurture,23,19,13,17,80,88,1,2.22
2026-02-12,(direct) / (none),Direct,direct_none,54,40,22,32,88,157,2,0.0
2026-02-12,partner_sites / referral,Referral,agency_partner_backlinks,24,18,13,13,57,75,0,1.33
2026-02-13,google / organic,Organic Search,organic_non_brand,117,98,60,82,90,343,7,20.8
2026-02-13,google / cpc,Paid Search,google_ecommerce_leads,63,53,38,38,105,174,5,65.47
2026-02-13,facebook / paid_social,Paid Social,fb_remarketing_portfolio,90,69,36,40,70,362,1,38.07
2026-02-13,newsletter / email,Email,client_referral_nurture,20,15,10,14,63,60,1,1.66
2026-02-13,(direct) / (none),Direct,direct_none,55,44,24,27,70,152,0,0.0
2026-02-13,partner_sites / referral,Referral,agency_partner_backlinks,29,24,14,18,89,83,1,1.54
2026-02-14,google / organic,Organic Search,seo_service_pages,122,101,58,89,92,305,5,21.68
2026-02-14,google / cpc,Paid Search,google_website_service_leads,40,31,22,23,37,135,3,41.85
2026-02-14,facebook / paid_social,Paid Social,fb_remarketing_portfolio,97,83,56,45,52,276,1,38.35
2026-02-14,newsletter / email,Email,client_referral_nurture,15,10,6,9,125,47,0,1.5
2026-02-14,(direct) / (none),Direct,direct_none,44,36,24,24,79,133,1,0.0
2026-02-14,partner_sites / referral,Referral,directory_referrals,23,18,10,13,69,77,0,1.13
2026-02-15,google / organic,Organic Search,organic_non_brand,85,70,51,57,66,329,4,16.29
2026-02-15,google / cpc,Paid Search,google_website_service_leads,49,42,26,26,99,170,2,56.88
2026-02-15,facebook / paid_social,Paid Social,fb_ecommerce_leads,79,57,30,42,88,209,3,34.54
2026-02-15,newsletter / email,Email,client_referral_nurture,14,10,6,10,94,53,0,1.37
2026-02-15,(direct) / (none),Direct,direct_none,39,30,21,19,63,154,0,0.0
2026-02-15,partner_sites / referral,Referral,directory_referrals,20,14,8,12,100,69,0,0.96
2026-02-16,google / organic,Organic Search,organic_non_brand,153,122,64,103,81,402,6,25.08
2026-02-16,google / cpc,Paid Search,google_website_service_leads,75,56,36,41,103,238,3,91.16
2026-02-16,facebook / paid_social,Paid Social,fb_remarketing_portfolio,112,94,50,55,62,356,3,50.6
2026-02-16,newsletter / email,Email,client_referral_nurture,22,17,11,17,80,77,1,2.03
2026-02-16,(direct) / (none),Direct,direct_none,56,45,27,30,53,211,2,0.0
2026-02-16,partner_sites / referral,Referral,agency_partner_backlinks,31,22,16,18,92,75,0,1.47
2026-02-17,google / organic,Organic Search,organic_non_brand,120,103,57,92,88,466,6,21.03
2026-02-17,google / cpc,Paid Search,google_brand_leads,76,57,37,53,68,275,3,90.8
2026-02-17,facebook / paid_social,Paid Social,fb_business_website_awareness,99,81,48,51,81,400,4,39.27
2026-02-17,newsletter / email,Email,client_referral_nurture,18,14,9,12,95,70,1,1.68
2026-02-17,(direct) / (none),Direct,direct_none,57,47,24,31,94,164,1,0.0
2026-02-17,partner_sites / referral,Referral,agency_partner_backlinks,22,17,10,12,57,70,1,1.21
2026-02-18,google / organic,Organic Search,seo_service_pages,161,134,77,111,87,417,7,29.85
2026-02-18,google / cpc,Paid Search,google_website_service_leads,70,56,39,35,56,197,4,76.88
2026-02-18,facebook / paid_social,Paid Social,fb_remarketing_portfolio,116,96,52,52,69,391,6,50.83
2026-02-18,newsletter / email,Email,client_referral_nurture,17,14,8,12,116,45,1,1.5
2026-02-18,(direct) / (none),Direct,direct_none,48,38,22,25,55,127,0,0.0
2026-02-18,partner_sites / referral,Referral,agency_partner_backlinks,32,27,18,16,84,100,1,1.5
2026-02-19,google / organic,Organic Search,seo_service_pages,120,100,66,72,115,386,6,23.27
2026-02-19,google / cpc,Paid Search,google_brand_leads,73,58,35,45,49,250,3,81.33
2026-02-19,facebook / paid_social,Paid Social,fb_remarketing_portfolio,89,77,51,30,62,226,1,40.33
2026-02-19,newsletter / email,Email,monthly_newsletter,21,16,9,13,90,55,1,1.96
2026-02-19,(direct) / (none),Direct,direct_none,47,37,23,24,67,116,1,0.0
2026-02-19,partner_sites / referral,Referral,directory_referrals,26,21,11,16,66,69,0,1.29
2026-02-20,google / organic,Organic Search,seo_service_pages,123,106,63,83,98,333,3,22.71
2026-02-20,google / cpc,Paid Search,google_website_service_leads,69,55,38,41,71,190,3,84.5
2026-02-20,facebook / paid_social,Paid Social,fb_business_website_awareness,89,68,44,42,73,331,0,36.46
2026-02-20,newsletter / email,Email,client_referral_nurture,54,44,28,40,88,133,5,4.43
2026-02-20,(direct) / (none),Direct,direct_none,50,41,27,30,88,167,2,0.0
2026-02-20,partner_sites / referral,Referral,directory_referrals,25,18,9,19,80,84,1,1.32
2026-02-21,google / organic,Organic Search,organic_non_brand,109,91,57,73,60,304,2,21.43
2026-02-21,google / cpc,Paid Search,google_ecommerce_leads,58,49,27,37,72,142,2,63.39
2026-02-21,facebook / paid_social,Paid Social,fb_remarketing_portfolio,96,69,48,40,50,300,1,40.31
2026-02-21,newsletter / email,Email,monthly_newsletter,12,10,6,7,117,45,0,1.18
2026-02-21,(direct) / (none),Direct,direct_none,37,26,16,23,89,100,1,0.0
2026-02-21,partner_sites / referral,Referral,directory_referrals,22,18,9,13,53,87,1,1.16
2026-02-22,google / organic,Organic Search,organic_non_brand,120,92,62,89,78,314,4,23.99
2026-02-22,google / cpc,Paid Search,google_ecommerce_leads,60,50,30,35,87,230,3,74.27
2026-02-22,facebook / paid_social,Paid Social,fb_business_website_awareness,86,69,49,40,71,300,2,39.07
2026-02-22,newsletter / email,Email,monthly_newsletter,17,14,7,13,96,41,1,1.56
2026-02-22,(direct) / (none),Direct,direct_none,42,32,18,26,49,128,1,0.0
2026-02-22,partner_sites / referral,Referral,directory_referrals,18,15,10,12,74,70,0,0.87
2026-02-23,google / organic,Organic Search,organic_non_brand,120,101,56,82,92,401,5,21.32
2026-02-23,google / cpc,Paid Search,google_website_service_leads,77,66,43,46,88,262,4,95.73
2026-02-23,facebook / paid_social,Paid Social,fb_remarketing_portfolio,115,89,66,55,57,288,0,51.36
2026-02-23,newsletter / email,Email,monthly_newsletter,16,13,8,11,87,59,0,1.54
2026-02-23,(direct) / (none),Direct,direct_none,61,45,26,31,58,180,2,0.0
2026-02-23,partner_sites / referral,Referral,agency_partner_backlinks,31,22,15,19,89,113,1,1.56
2026-02-24,google / organic,Organic Search,organic_non_brand,137,109,67,94,100,517,6,23.6
2026-02-24,google / cpc,Paid Search,google_brand_leads,63,48,32,39,69,171,3,71.63
2026-02-24,facebook / paid_social,Paid Social,fb_remarketing_portfolio,113,98,62,52,35,323,3,44.44
2026-02-24,newsletter / email,Email,monthly_newsletter,19,16,8,13,74,76,1,1.79
2026-02-24,(direct) / (none),Direct,direct_none,46,37,21,22,99,117,2,0.0
2026-02-24,partner_sites / referral,Referral,directory_referrals,26,18,13,15,72,74,1,1.33
2026-02-25,google / organic,Organic Search,organic_non_brand,169,124,90,123,58,477,8,34.03
2026-02-25,google / cpc,Paid Search,google_brand_leads,73,63,32,40,57,224,4,88.69
2026-02-25,facebook / paid_social,Paid Social,fb_ecommerce_leads,89,76,42,34,43,280,2,40.24
2026-02-25,newsletter / email,Email,monthly_newsletter,17,14,9,12,115,53,1,1.43
2026-02-25,(direct) / (none),Direct,direct_none,60,43,27,34,100,192,2,0.0
2026-02-25,partner_sites / referral,Referral,agency_partner_backlinks,32,25,15,21,61,85,1,1.79
2026-02-26,google / organic,Organic Search,seo_service_pages,133,103,67,96,97,336,7,23.94
2026-02-26,google / cpc,Paid Search,google_brand_leads,53,43,23,33,75,206,3,66.24
2026-02-26,facebook / paid_social,Paid Social,fb_remarketing_portfolio,107,86,61,46,53,271,3,48.9
2026-02-26,newsletter / email,Email,monthly_newsletter,19,14,7,13,101,55,1,1.71
2026-02-26,(direct) / (none),Direct,direct_none,55,40,23,30,49,141,1,0.0
2026-02-26,partner_sites / referral,Referral,agency_partner_backlinks,25,20,13,16,74,67,1,1.22
2026-02-27,google / organic,Organic Search,organic_non_brand,129,112,70,74,91,494,3,23.27
2026-02-27,google / cpc,Paid Search,google_ecommerce_leads,78,64,41,47,82,217,4,80.92
2026-02-27,facebook / paid_social,Paid Social,fb_business_website_awareness,96,79,45,44,54,263,4,44.25
2026-02-27,newsletter / email,Email,client_referral_nurture,16,12,8,12,79,52,1,1.32
2026-02-27,(direct) / (none),Direct,direct_none,54,46,34,26,87,186,2,0.0
2026-02-27,partner_sites / referral,Referral,directory_referrals,26,21,15,15,66,64,1,1.29
2026-02-28,google / organic,Organic Search,organic_non_brand,130,104,60,80,73,345,4,21.48
2026-02-28,google / cpc,Paid Search,google_ecommerce_leads,60,47,24,39,85,234,4,76.82
2026-02-28,facebook / paid_social,Paid Social,fb_remarketing_portfolio,79,66,47,37,45,314,3,30.48
2026-02-28,newsletter / email,Email,client_referral_nurture,17,13,6,11,77,63,1,1.7
2026-02-28,(direct) / (none),Direct,direct_none,47,38,25,26,77,146,2,0.0
2026-02-28,partner_sites / referral,Referral,directory_referrals,18,13,9,10,95,68,1,0.86
2026-03-01,google / organic,Organic Search,organic_non_brand,105,86,59,70,58,285,5,19.18
2026-03-01,google / cpc,Paid Search,google_ecommerce_leads,45,35,22,25,42,171,2,49.16
2026-03-01,facebook / paid_social,Paid Social,fb_remarketing_portfolio,58,45,23,26,37,193,2,24.38
2026-03-01,newsletter / email,Email,client_referral_nurture,15,12,8,11,114,40,1,1.24
2026-03-01,(direct) / (none),Direct,direct_none,37,28,16,19,90,123,0,0.0
2026-03-01,partner_sites / referral,Referral,directory_referrals,26,22,13,16,56,103,1,1.24
2026-03-02,google / organic,Organic Search,organic_non_brand,183,139,86,122,94,712,12,31.56
2026-03-02,google / cpc,Paid Search,google_brand_leads,63,45,26,35,91,202,5,75.87
2026-03-02,facebook / paid_social,Paid Social,fb_remarketing_portfolio,98,84,54,41,68,261,2,45.8
2026-03-02,newsletter / email,Email,client_referral_nurture,22,16,8,17,67,70,1,1.93
2026-03-02,(direct) / (none),Direct,direct_none,61,51,30,39,50,235,2,0.0
2026-03-02,partner_sites / referral,Referral,agency_partner_backlinks,25,19,12,16,66,62,0,1.14
2026-03-03,google / organic,Organic Search,seo_service_pages,172,137,90,114,105,598,6,29.29
2026-03-03,google / cpc,Paid Search,google_website_service_leads,71,54,33,40,79,190,5,73.8
2026-03-03,facebook / paid_social,Paid Social,fb_business_website_awareness,107,83,44,48,65,375,2,46.11
2026-03-03,newsletter / email,Email,client_referral_nurture,19,14,7,15,70,70,1,1.66
2026-03-03,(direct) / (none),Direct,direct_none,51,38,25,29,82,137,1,0.0
2026-03-03,partner_sites / referral,Referral,agency_partner_backlinks,33,28,14,19,93,93,0,1.69
2026-03-04,google / organic,Organic Search,organic_non_brand,150,117,76,101,91,457,5,28.91
2026-03-04,google / cpc,Paid Search,google_website_service_leads,67,51,35,43,101,252,4,72.24
2026-03-04,facebook / paid_social,Paid Social,fb_remarketing_portfolio,79,58,36,35,52,270,2,30.31
2026-03-04,newsletter / email,Email,monthly_newsletter,19,15,8,12,91,45,1,1.61
2026-03-04,(direct) / (none),Direct,direct_none,53,40,28,27,50,193,1,0.0
2026-03-04,partner_sites / referral,Referral,agency_partner_backlinks,32,25,17,23,85,101,1,1.44
2026-03-05,google / organic,Organic Search,organic_non_brand,186,158,114,133,73,556,11,33.96
2026-03-05,google / cpc,Paid Search,google_website_service_leads,85,61,33,47,88,309,3,106.16
2026-03-05,facebook / paid_social,Paid Social,fb_business_website_awareness,104,79,50,43,42,329,1,40.1
2026-03-05,newsletter / email,Email,monthly_newsletter,73,61,39,56,87,215,8,6.53
2026-03-05,(direct) / (none),Direct,direct_none,58,45,28,33,96,202,2,0.0
2026-03-05,partner_sites / referral,Referral,directory_referrals,35,29,15,23,88,142,0,1.68
2026-03-06,google / organic,Organic Search,organic_non_brand,142,111,60,97,82,387,5,26.87
2026-03-06,google / cpc,Paid Search,google_website_service_leads,60,43,27,38,54,149,3,76.22
2026-03-06,facebook / paid_social,Paid Social,fb_remarketing_portfolio,74,57,40,30,78,268,2,30.77
2026-03-06,newsletter / email,Email,client_referral_nurture,23,16,10,17,91,58,1,1.97
2026-03-06,(direct) / (none),Direct,direct_none,69,55,28,39,61,219,3,0.0
2026-03-06,partner_sites / referral,Referral,directory_referrals,27,19,12,18,77,88,1,1.48
2026-03-07,google / organic,Organic Search,organic_non_brand,144,114,79,95,54,446,10,24.24
2026-03-07,google / cpc,Paid Search,google_website_service_leads,53,42,21,35,92,216,2,64.26
2026-03-07,facebook / paid_social,Paid Social,fb_business_website_awareness,72,59,43,33,44,292,1,29.52
2026-03-07,newsletter / email,Email,monthly_newsletter,16,13,7,12,90,54,1,1.43
2026-03-07,(direct) / (none),Direct,direct_none,36,29,18,21,68,130,1,0.0
2026-03-07,partner_sites / referral,Referral,directory_referrals,21,18,11,14,80,52,0,1.15
2026-03-08,google / organic,Organic Search,seo_service_pages,104,84,58,71,65,317,5,18.3
2026-03-08,google / cpc,Paid Search,google_ecommerce_leads,51,42,22,32,52,153,2,55.96
2026-03-08,facebook / paid_social,Paid Social,fb_ecommerce_leads,76,66,48,38,66,197,2,31.58
2026-03-08,newsletter / email,Email,client_referral_nurture,20,15,7,15,89,60,2,1.88
2026-03-08,(direct) / (none),Direct,direct_none,51,37,26,27,65,176,1,0.0
2026-03-08,partner_sites / referral,Referral,agency_partner_backlinks,22,18,11,13,84,86,0,1.19
2026-03-09,google / organic,Organic Search,organic_non_brand,183,136,79,111,35,724,10,29.68
2026-03-09,google / cpc,Paid Search,google_brand_leads,89,64,39,57,73,237,4,110.53
2026-03-09,facebook / paid_social,Paid Social,fb_ecommerce_leads,85,70,39,45,56,305,2,39.92
2026-03-09,newsletter / email,Email,client_referral_nurture,20,17,9,13,78,55,1,1.93
2026-03-09,(direct) / (none),Direct,direct_none,47,40,27,24,49,178,2,0.0
2026-03-09,partner_sites / referral,Referral,directory_referrals,32,24,17,19,74,117,1,1.69
2026-03-10,google / organic,Organic Search,seo_service_pages,134,101,61,89,97,352,8,23.29
2026-03-10,google / cpc,Paid Search,google_brand_leads,62,54,30,40,56,193,4,71.41
2026-03-10,facebook / paid_social,Paid Social,fb_ecommerce_leads,74,58,35,36,83,282,1,28.35
2026-03-10,newsletter / email,Email,client_referral_nurture,26,20,11,16,87,62,1,2.2
2026-03-10,(direct) / (none),Direct,direct_none,56,44,27,30,80,144,2,0.0
2026-03-10,partner_sites / referral,Referral,agency_partner_backlinks,35,25,16,22,67,126,1,1.94
2026-03-11,google / organic,Organic Search,organic_non_brand,147,119,75,92,93,414,4,24.13
2026-03-11,google / cpc,Paid Search,google_brand_leads,83,68,48,55,92,214,3,86.02
2026-03-11,facebook / paid_social,Paid Social,fb_business_website_awareness,87,71,47,43,56,304,1,37.55
2026-03-11,newsletter / email,Email,monthly_newsletter,19,15,8,14,46,66,1,1.57
2026-03-11,(direct) / (none),Direct,direct_none,51,40,21,26,33,207,2,0.0
2026-03-11,partner_sites / referral,Referral,agency_partner_backlinks,25,21,11,14,79,81,1,1.14
2026-03-12,google / organic,Organic Search,seo_service_pages,174,132,97,127,68,447,8,31.81
2026-03-12,google / cpc,Paid Search,google_ecommerce_leads,90,67,46,59,65,334,5,98.79
2026-03-12,facebook / paid_social,Paid Social,fb_ecommerce_leads,92,68,37,43,63,251,3,40.39
2026-03-12,newsletter / email,Email,client_referral_nurture,26,19,10,18,97,69,1,2.14
2026-03-12,(direct) / (none),Direct,direct_none,48,38,25,27,82,142,1,0.0
2026-03-12,partner_sites / referral,Referral,directory_referrals,33,26,14,19,84,120,1,1.6
2026-03-13,google / organic,Organic Search,organic_non_brand,140,111,70,92,107,338,7,27.18
2026-03-13,google / cpc,Paid Search,google_ecommerce_leads,69,54,33,41,68,183,5,78.77
2026-03-13,facebook / paid_social,Paid Social,fb_ecommerce_leads,73,54,38,38,68,178,1,27.62
2026-03-13,newsletter / email,Email,client_referral_nurture,20,16,11,15,60,58,1,1.64
2026-03-13,(direct) / (none),Direct,direct_none,60,46,25,33,83,204,1,0.0
2026-03-13,partner_sites / referral,Referral,directory_referrals,38,31,18,26,110,136,2,2.12
2026-03-14,google / organic,Organic Search,organic_non_brand,135,108,73,84,69,506,4,22.9
2026-03-14,google / cpc,Paid Search,google_website_service_leads,68,58,41,39,83,256,5,80.25
2026-03-14,facebook / paid_social,Paid Social,fb_remarketing_portfolio,68,53,29,33,72,267,2,30.31
2026-03-14,newsletter / email,Email,client_referral_nurture,17,14,8,12,72,52,1,1.68
2026-03-14,(direct) / (none),Direct,direct_none,37,32,18,23,71,92,1,0.0
2026-03-14,partner_sites / referral,Referral,agency_partner_backlinks,24,20,14,15,69,59,1,1.15
2026-03-15,google / organic,Organic Search,seo_service_pages,165,134,89,110,95,642,6,30.44
2026-03-15,google / cpc,Paid Search,google_website_service_leads,66,55,29,39,82,161,2,82.13
2026-03-15,facebook / paid_social,Paid Social,fb_business_website_awareness,82,64,44,40,61,213,1,34.64
2026-03-15,newsletter / email,Email,client_referral_nurture,18,13,8,13,108,70,1,1.64
2026-03-15,(direct) / (none),Direct,direct_none,47,38,23,29,80,116,1,0.0
2026-03-15,partner_sites / referral,Referral,agency_partner_backlinks,29,21,12,18,49,91,1,1.54
2026-03-16,google / organic,Organic Search,seo_service_pages,196,141,79,115,94,713,6,39.35
2026-03-16,google / cpc,Paid Search,google_ecommerce_leads,84,72,41,47,72,227,5,86.96
2026-03-16,facebook / paid_social,Paid Social,fb_ecommerce_leads,102,89,47,47,72,371,2,45.11
2026-03-16,newsletter / email,Email,client_referral_nurture,25,19,13,18,104,71,1,2.28
2026-03-16,(direct) / (none),Direct,direct_none,51,37,25,26,67,147,2,0.0
2026-03-16,partner_sites / referral,Referral,agency_partner_backlinks,31,24,12,18,78,77,1,1.56
2026-03-17,google / organic,Organic Search,organic_non_brand,155,121,82,104,73,526,6,29.78
2026-03-17,google / cpc,Paid Search,google_ecommerce_leads,65,49,36,41,119,202,2,83.01
2026-03-17,facebook / paid_social,Paid Social,fb_business_website_awareness,93,68,36,45,38,265,2,41.41
2026-03-17,newsletter / email,Email,monthly_newsletter,26,20,11,20,103,86,1,2.25
2026-03-17,(direct) / (none),Direct,direct_none,65,47,27,36,80,256,2,0.0
2026-03-17,partner_sites / referral,Referral,agency_partner_backlinks,37,32,19,22,80,149,1,1.77
2026-03-18,google / organic,Organic Search,organic_non_brand,219,177,131,147,119,746,7,38.13
2026-03-18,google / cpc,Paid Search,google_ecommerce_leads,76,58,37,45,44,260,3,91.92
2026-03-18,facebook / paid_social,Paid Social,fb_ecommerce_leads,107,85,59,54,49,389,3,44.29
2026-03-18,newsletter / email,Email,monthly_newsletter,22,16,11,14,130,55,1,1.82
2026-03-18,(direct) / (none),Direct,direct_none,56,45,26,33,77,168,1,0.0
2026-03-18,partner_sites / referral,Referral,agency_partner_backlinks,28,23,15,18,103,86,1,1.52
2026-03-19,google / organic,Organic Search,organic_non_brand,209,159,87,145,95,656,9,33.89
2026-03-19,google / cpc,Paid Search,google_brand_leads,84,64,40,47,44,335,4,101.8
2026-03-19,facebook / paid_social,Paid Social,fb_remarketing_portfolio,99,75,44,41,63,381,3,42.18
2026-03-19,newsletter / email,Email,monthly_newsletter,24,19,10,18,80,61,1,2.16
2026-03-19,(direct) / (none),Direct,direct_none,65,48,32,39,55,258,2,0.0
2026-03-19,partner_sites / referral,Referral,directory_referrals,32,26,16,19,66,88,1,1.49
2026-03-20,google / organic,Organic Search,seo_service_pages,173,125,68,129,59,448,7,34.25
2026-03-20,google / cpc,Paid Search,google_ecommerce_leads,61,50,26,33,100,162,4,65.21
2026-03-20,facebook / paid_social,Paid Social,fb_business_website_awareness,94,78,52,45,80,321,0,43.03
2026-03-20,newsletter / email,Email,monthly_newsletter,55,42,26,41,121,140,8,4.97
2026-03-20,(direct) / (none),Direct,direct_none,66,51,37,39,63,268,0,0.0
2026-03-20,partner_sites / referral,Referral,directory_referrals,34,25,13,21,76,139,1,1.78
2026-03-21,google / organic,Organic Search,seo_service_pages,138,118,80,97,55,402,10,24.36
2026-03-21,google / cpc,Paid Search,google_brand_leads,62,53,30,35,75,200,2,67.44
2026-03-21,facebook / paid_social,Paid Social,fb_ecommerce_leads,64,55,31,30,67,195,1,27.36
2026-03-21,newsletter / email,Email,monthly_newsletter,16,13,7,12,95,43,1,1.39
2026-03-21,(direct) / (none),Direct,direct_none,48,41,27,29,64,184,2,0.0
2026-03-21,partner_sites / referral,Referral,directory_referrals,25,18,9,15,70,75,0,1.25
2026-03-22,google / organic,Organic Search,seo_service_pages,145,115,80,101,71,516,8,26.29
2026-03-22,google / cpc,Paid Search,google_website_service_leads,61,47,30,33,59,185,3,68.04
2026-03-22,facebook / paid_social,Paid Social,fb_remarketing_portfolio,79,59,32,40,48,259,1,33.95
2026-03-22,newsletter / email,Email,client_referral_nurture,18,15,10,13,115,44,1,1.62
2026-03-22,(direct) / (none),Direct,direct_none,36,29,15,19,102,134,1,0.0
2026-03-22,partner_sites / referral,Referral,agency_partner_backlinks,26,19,10,16,71,97,0,1.19
2026-03-23,google / organic,Organic Search,organic_non_brand,232,192,104,162,125,753,7,39.32
2026-03-23,google / cpc,Paid Search,google_ecommerce_leads,63,47,35,39,93,237,5,69.06
2026-03-23,facebook / paid_social,Paid Social,fb_business_website_awareness,96,77,44,54,68,281,2,40.51
2026-03-23,newsletter / email,Email,monthly_newsletter,24,20,12,17,100,71,1,2.14
2026-03-23,(direct) / (none),Direct,direct_none,63,54,34,36,64,242,2,0.0
2026-03-23,partner_sites / referral,Referral,agency_partner_backlinks,38,32,23,23,108,95,2,1.96
2026-03-24,google / organic,Organic Search,seo_service_pages,213,185,100,130,112,662,9,37.36
2026-03-24,google / cpc,Paid Search,google_website_service_leads,89,73,44,54,71,347,4,107.5
2026-03-24,facebook / paid_social,Paid Social,fb_ecommerce_leads,83,62,46,35,49,260,2,38.86
2026-03-24,newsletter / email,Email,monthly_newsletter,21,18,12,15,100,75,1,2.03
2026-03-24,(direct) / (none),Direct,direct_none,58,44,24,31,37,228,2,0.0
2026-03-24,partner_sites / referral,Referral,agency_partner_backlinks,38,32,17,22,117,112,1,2.12
2026-03-25,google / organic,Organic Search,organic_non_brand,233,183,108,162,71,935,14,41.11
2026-03-25,google / cpc,Paid Search,google_brand_leads,82,65,42,47,65,283,6,101.65
2026-03-25,facebook / paid_social,Paid Social,fb_business_website_awareness,84,72,50,42,66,344,3,38.02
2026-03-25,newsletter / email,Email,client_referral_nurture,22,17,11,16,99,84,1,2.04
2026-03-25,(direct) / (none),Direct,direct_none,59,51,27,36,54,215,4,0.0
2026-03-25,partner_sites / referral,Referral,directory_referrals,37,27,14,23,54,108,1,1.73
2026-03-26,google / organic,Organic Search,seo_service_pages,208,166,109,123,73,694,10,37.65
2026-03-26,google / cpc,Paid Search,google_ecommerce_leads,83,67,47,48,80,231,4,95.93
2026-03-26,facebook / paid_social,Paid Social,fb_remarketing_portfolio,99,82,53,46,71,342,4,39.93
2026-03-26,newsletter / email,Email,client_referral_nurture,23,17,12,18,108,93,1,2.29
2026-03-26,(direct) / (none),Direct,direct_none,57,47,33,35,55,196,1,0.0
2026-03-26,partner_sites / referral,Referral,directory_referrals,28,22,13,16,111,104,0,1.45
2026-03-27,google / organic,Organic Search,seo_service_pages,192,139,84,119,75,648,6,35.65
2026-03-27,google / cpc,Paid Search,google_website_service_leads,70,51,37,42,96,211,5,86.8
2026-03-27,facebook / paid_social,Paid Social,fb_business_website_awareness,98,82,60,43,69,276,5,41.45
2026-03-27,newsletter / email,Email,monthly_newsletter,22,18,10,16,73,71,1,1.98
2026-03-27,(direct) / (none),Direct,direct_none,59,44,30,34,70,176,2,0.0
2026-03-27,partner_sites / referral,Referral,directory_referrals,28,22,16,18,73,81,1,1.45
2026-03-28,google / organic,Organic Search,organic_non_brand,148,119,65,90,76,456,4,29.0
2026-03-28,google / cpc,Paid Search,google_ecommerce_leads,55,41,24,34,113,219,2,68.04
2026-03-28,facebook / paid_social,Paid Social,fb_ecommerce_leads,75,62,35,41,74,276,2,30.18
2026-03-28,newsletter / email,Email,client_referral_nurture,19,15,9,14,150,74,1,1.64
2026-03-28,(direct) / (none),Direct,direct_none,38,27,17,23,52,129,1,0.0
2026-03-28,partner_sites / referral,Referral,agency_partner_backlinks,28,22,16,14,53,107,1,1.31
2026-03-29,google / organic,Organic Search,organic_non_brand,163,122,78,106,71,611,8,32.72
2026-03-29,google / cpc,Paid Search,google_brand_leads,51,39,20,29,78,165,2,54.07
2026-03-29,facebook / paid_social,Paid Social,fb_remarketing_portfolio,69,50,26,35,71,237,2,26.93
2026-03-29,newsletter / email,Email,monthly_newsletter,15,10,5,10,117,50,1,1.43
2026-03-29,(direct) / (none),Direct,direct_none,40,33,24,22,73,114,1,0.0
2026-03-29,partner_sites / referral,Referral,agency_partner_backlinks,25,20,10,15,38,98,0,1.38
2026-03-30,google / organic,Organic Search,organic_non_brand,164,126,80,110,107,608,3,27.06
2026-03-30,google / cpc,Paid Search,google_ecommerce_leads,87,74,50,59,53,260,5,96.87
2026-03-30,facebook / paid_social,Paid Social,fb_ecommerce_leads,108,94,62,43,67,386,2,49.39
2026-03-30,newsletter / email,Email,client_referral_nurture,22,19,13,14,121,59,1,2.21
2026-03-30,(direct) / (none),Direct,direct_none,52,44,27,28,72,200,1,0.0
2026-03-30,partner_sites / referral,Referral,agency_partner_backlinks,38,31,17,26,110,91,1,1.73
2026-03-31,google / organic,Organic Search,organic_non_brand,235,200,144,176,92,624,10,44.39
2026-03-31,google / cpc,Paid Search,google_website_service_leads,89,75,49,54,103,214,6,113.07
2026-03-31,facebook / paid_social,Paid Social,fb_remarketing_portfolio,106,85,58,52,75,399,1,46.1
2026-03-31,newsletter / email,Email,monthly_newsletter,21,18,13,15,85,61,1,1.98
2026-03-31,(direct) / (none),Direct,direct_none,53,46,26,29,79,195,2,0.0
2026-03-31,partner_sites / referral,Referral,directory_referrals,39,34,22,24,83,158,2,1.85
2026-04-01,google / organic,Organic Search,seo_service_pages,201,160,115,129,137,566,8,40.46
2026-04-01,google / cpc,Paid Search,google_ecommerce_leads,111,92,49,77,120,412,5,118.81
2026-04-01,facebook / paid_social,Paid Social,fb_remarketing_portfolio,80,58,39,38,52,257,2,30.71
2026-04-01,newsletter / email,Email,monthly_newsletter,24,20,14,18,115,88,1,2.06
2026-04-01,(direct) / (none),Direct,direct_none,54,44,28,27,56,154,2,0.0
2026-04-01,partner_sites / referral,Referral,directory_referrals,29,23,12,17,75,78,0,1.48
2026-04-02,google / organic,Organic Search,seo_service_pages,202,171,89,137,65,772,5,39.52
2026-04-02,google / cpc,Paid Search,google_ecommerce_leads,106,78,51,68,93,380,5,135.45
2026-04-02,facebook / paid_social,Paid Social,fb_remarketing_portfolio,97,75,54,53,68,290,2,41.11
2026-04-02,newsletter / email,Email,client_referral_nurture,28,20,13,21,110,105,1,2.39
2026-04-02,(direct) / (none),Direct,direct_none,65,51,37,34,77,240,2,0.0
2026-04-02,partner_sites / referral,Referral,agency_partner_backlinks,39,31,22,23,112,151,1,2.04
2026-04-03,google / organic,Organic Search,organic_non_brand,207,155,91,132,109,664,9,34.87
2026-04-03,google / cpc,Paid Search,google_website_service_leads,88,73,47,54,91,313,5,110.12
2026-04-03,facebook / paid_social,Paid Social,fb_business_website_awareness,100,74,54,55,66,259,1,45.65
2026-04-03,newsletter / email,Email,client_referral_nurture,18,13,7,11,118,70,1,1.54
2026-04-03,(direct) / (none),Direct,direct_none,57,43,26,32,85,191,2,0.0
2026-04-03,partner_sites / referral,Referral,agency_partner_backlinks,37,31,22,24,86,98,1,1.97
2026-04-04,google / organic,Organic Search,seo_service_pages,128,104,77,93,59,409,4,23.47
2026-04-04,google / cpc,Paid Search,google_ecommerce_leads,65,46,25,35,79,167,4,79.13
2026-04-04,facebook / paid_social,Paid Social,fb_ecommerce_leads,75,65,46,39,69,238,1,33.95
2026-04-04,newsletter / email,Email,client_referral_nurture,20,16,11,14,56,76,1,1.87
2026-04-04,(direct) / (none),Direct,direct_none,47,37,23,24,75,139,1,0.0
2026-04-04,partner_sites / referral,Referral,agency_partner_backlinks,22,15,10,14,91,87,0,1.23
2026-04-05,google / organic,Organic Search,organic_non_brand,148,121,79,93,90,592,7,24.25
2026-04-05,google / cpc,Paid Search,google_ecommerce_leads,74,53,28,44,57,189,4,80.78
2026-04-05,facebook / paid_social,Paid Social,fb_business_website_awareness,68,55,32,30,81,171,1,29.1
2026-04-05,newsletter / email,Email,client_referral_nurture,57,44,25,37,107,155,8,5.17
2026-04-05,(direct) / (none),Direct,direct_none,37,28,17,20,53,111,0,0.0
2026-04-05,partner_sites / referral,Referral,directory_referrals,23,18,11,13,70,69,1,1.2
2026-04-06,google / organic,Organic Search,organic_non_brand,220,187,118,120,113,649,13,40.36
2026-04-06,google / cpc,Paid Search,google_ecommerce_leads,101,81,48,61,95,391,6,127.38
2026-04-06,facebook / paid_social,Paid Social,fb_remarketing_portfolio,102,89,65,56,53,375,2,42.59
2026-04-06,newsletter / email,Email,monthly_newsletter,24,18,12,18,139,91,2,2.2
2026-04-06,(direct) / (none),Direct,direct_none,53,40,23,35,63,165,2,0.0
2026-04-06,partner_sites / referral,Referral,directory_referrals,36,31,18,21,95,91,1,1.8
2026-04-07,google / organic,Organic Search,seo_service_pages,196,169,120,126,74,660,8,39.49
2026-04-07,google / cpc,Paid Search,google_brand_leads,76,58,40,45,70,196,4,82.29
2026-04-07,facebook / paid_social,Paid Social,fb_remarketing_portfolio,90,76,52,35,64,223,2,36.07
2026-04-07,newsletter / email,Email,monthly_newsletter,26,20,12,18,46,93,1,2.4
2026-04-07,(direct) / (none),Direct,direct_none,47,39,27,27,66,183,1,0.0
2026-04-07,partner_sites / referral,Referral,directory_referrals,33,26,17,20,61,96,0,1.73
2026-04-08,google / organic,Organic Search,organic_non_brand,227,184,97,167,90,711,9,43.5
2026-04-08,google / cpc,Paid Search,google_brand_leads,112,94,57,60,69,416,8,131.72
2026-04-08,facebook / paid_social,Paid Social,fb_remarketing_portfolio,96,72,45,43,73,383,5,43.34
2026-04-08,newsletter / email,Email,client_referral_nurture,25,20,12,20,112,99,1,2.38
2026-04-08,(direct) / (none),Direct,direct_none,62,50,26,32,88,174,2,0.0
2026-04-08,partner_sites / referral,Referral,agency_partner_backlinks,29,23,13,19,95,91,1,1.48
2026-04-09,google / organic,Organic Search,organic_non_brand,234,169,103,142,68,856,13,38.23
2026-04-09,google / cpc,Paid Search,google_ecommerce_leads,101,80,47,52,58,359,6,120.83
2026-04-09,facebook / paid_social,Paid Social,fb_ecommerce_leads,94,68,39,42,55,274,1,38.05
2026-04-09,newsletter / email,Email,client_referral_nurture,23,19,12,15,107,88,1,2.17
2026-04-09,(direct) / (none),Direct,direct_none,58,48,31,35,51,158,3,0.0
2026-04-09,partner_sites / referral,Referral,directory_referrals,28,24,14,19,66,101,1,1.53
2026-04-10,google / organic,Organic Search,seo_service_pages,242,204,136,169,107,962,13,47.43
2026-04-10,google / cpc,Paid Search,google_website_service_leads,108,87,54,67,49,283,6,128.14
2026-04-10,facebook / paid_social,Paid Social,fb_remarketing_portfolio,104,89,61,58,50,397,4,44.79
2026-04-10,newsletter / email,Email,client_referral_nurture,26,22,13,19,95,74,1,2.2
2026-04-10,(direct) / (none),Direct,direct_none,63,48,35,36,45,213,2,0.0
2026-04-10,partner_sites / referral,Referral,directory_referrals,27,21,12,17,66,69,1,1.22
2026-04-11,google / organic,Organic Search,seo_service_pages,155,112,78,105,120,458,9,27.51
2026-04-11,google / cpc,Paid Search,google_ecommerce_leads,74,58,37,41,83,302,4,78.22
2026-04-11,facebook / paid_social,Paid Social,fb_ecommerce_leads,61,47,33,28,46,195,2,26.38
2026-04-11,newsletter / email,Email,client_referral_nurture,14,11,6,10,64,37,1,1.14
2026-04-11,(direct) / (none),Direct,direct_none,52,41,25,29,53,181,2,0.0
2026-04-11,partner_sites / referral,Referral,directory_referrals,30,24,13,18,39,115,1,1.51
2026-04-12,google / organic,Organic Search,organic_non_brand,130,102,57,89,55,457,4,23.58
2026-04-12,google / cpc,Paid Search,google_ecommerce_leads,67,54,32,42,81,212,2,82.76
2026-04-12,facebook / paid_social,Paid Social,fb_business_website_awareness,64,54,39,32,79,227,1,26.54
2026-04-12,newsletter / email,Email,monthly_newsletter,20,17,12,16,85,54,1,1.87
2026-04-12,(direct) / (none),Direct,direct_none,37,28,16,22,44,111,1,0.0
2026-04-12,partner_sites / referral,Referral,directory_referrals,29,22,13,18,90,118,1,1.37
2026-04-13,google / organic,Organic Search,seo_service_pages,204,177,128,113,123,554,5,38.84
2026-04-13,google / cpc,Paid Search,google_website_service_leads,79,59,31,48,45,289,5,91.87
2026-04-13,facebook / paid_social,Paid Social,fb_ecommerce_leads,100,79,41,51,78,329,1,43.85
2026-04-13,newsletter / email,Email,monthly_newsletter,24,20,12,19,79,63,1,1.95
2026-04-13,(direct) / (none),Direct,direct_none,55,45,24,32,81,161,3,0.0
2026-04-13,partner_sites / referral,Referral,agency_partner_backlinks,35,27,19,21,80,86,1,1.6
2026-04-14,google / organic,Organic Search,seo_service_pages,224,181,124,144,92,739,9,36.69
2026-04-14,google / cpc,Paid Search,google_ecommerce_leads,88,69,47,51,100,273,4,101.61
2026-04-14,facebook / paid_social,Paid Social,fb_business_website_awareness,93,75,51,39,63,303,3,39.03
2026-04-14,newsletter / email,Email,monthly_newsletter,22,19,13,16,69,77,1,1.92
2026-04-14,(direct) / (none),Direct,direct_none,56,45,29,31,62,148,2,0.0
2026-04-14,partner_sites / referral,Referral,directory_referrals,39,30,19,24,102,101,2,1.79
2026-04-15,google / organic,Organic Search,seo_service_pages,190,155,84,123,44,680,11,35.12
2026-04-15,google / cpc,Paid Search,google_website_service_leads,82,61,33,45,47,210,5,87.72
2026-04-15,facebook / paid_social,Paid Social,fb_remarketing_portfolio,86,73,46,42,80,248,4,36.82
2026-04-15,newsletter / email,Email,monthly_newsletter,28,23,12,20,60,79,2,2.73
2026-04-15,(direct) / (none),Direct,direct_none,72,53,39,43,57,291,4,0.0
2026-04-15,partner_sites / referral,Referral,directory_referrals,29,22,15,18,62,71,1,1.54
2026-04-16,google / organic,Organic Search,organic_non_brand,218,161,91,136,82,735,6,42.22
2026-04-16,google / cpc,Paid Search,google_ecommerce_leads,85,67,35,48,63,250,6,103.87
2026-04-16,facebook / paid_social,Paid Social,fb_business_website_awareness,107,90,48,50,46,388,2,49.33
2026-04-16,newsletter / email,Email,monthly_newsletter,23,20,13,18,102,56,1,2.15
2026-04-16,(direct) / (none),Direct,direct_none,55,43,25,30,82,185,2,0.0
2026-04-16,partner_sites / referral,Referral,directory_referrals,36,26,18,20,93,133,0,1.85
2026-04-17,google / organic,Organic Search,seo_service_pages,245,202,121,161,98,780,11,49.37
2026-04-17,google / cpc,Paid Search,google_ecommerce_leads,110,94,63,77,61,290,7,114.47
2026-04-17,facebook / paid_social,Paid Social,fb_remarketing_portfolio,73,54,32,36,49,199,1,30.52
2026-04-17,newsletter / email,Email,client_referral_nurture,27,22,16,20,103,98,2,2.44
2026-04-17,(direct) / (none),Direct,direct_none,61,47,25,31,41,157,1,0.0
2026-04-17,partner_sites / referral,Referral,agency_partner_backlinks,29,22,14,18,85,103,1,1.49
2026-04-18,google / organic,Organic Search,organic_non_brand,188,143,81,138,100,536,6,35.49
2026-04-18,google / cpc,Paid Search,google_website_service_leads,85,64,36,56,70,243,5,101.49
2026-04-18,facebook / paid_social,Paid Social,fb_remarketing_portfolio,66,48,30,31,48,223,2,30.96
2026-04-18,newsletter / email,Email,monthly_newsletter,21,15,7,17,89,84,1,1.77
2026-04-18,(direct) / (none),Direct,direct_none,54,45,24,25,49,220,3,0.0
2026-04-18,partner_sites / referral,Referral,agency_partner_backlinks,29,20,12,17,105,112,0,1.42
2026-04-19,google / organic,Organic Search,organic_non_brand,157,127,71,95,92,538,7,30.89
2026-04-19,google / cpc,Paid Search,google_brand_leads,77,66,47,46,88,192,3,95.02
2026-04-19,facebook / paid_social,Paid Social,fb_business_website_awareness,64,53,35,30,63,212,1,29.6
2026-04-19,newsletter / email,Email,client_referral_nurture,20,16,10,14,67,78,1,1.91
2026-04-19,(direct) / (none),Direct,direct_none,39,29,21,21,98,103,1,0.0
2026-04-19,partner_sites / referral,Referral,directory_referrals,26,22,13,16,66,94,1,1.28
2026-04-20,google / organic,Organic Search,organic_non_brand,177,144,79,134,91,533,8,35.54
2026-04-20,google / cpc,Paid Search,google_ecommerce_leads,99,73,48,56,107,350,6,126.11
2026-04-20,facebook / paid_social,Paid Social,fb_business_website_awareness,93,80,51,52,66,330,1,36.86
2026-04-20,newsletter / email,Email,monthly_newsletter,75,59,43,50,78,275,8,6.75
2026-04-20,(direct) / (none),Direct,direct_none,48,42,26,26,88,195,1,0.0
2026-04-20,partner_sites / referral,Referral,directory_referrals,39,33,22,25,66,127,1,1.97
2026-04-21,google / organic,Organic Search,seo_service_pages,195,145,76,133,85,623,9,37.1
2026-04-21,google / cpc,Paid Search,google_brand_leads,109,86,46,67,82,334,3,136.47
2026-04-21,facebook / paid_social,Paid Social,fb_ecommerce_leads,88,70,42,39,69,235,4,41.03
2026-04-21,newsletter / email,Email,monthly_newsletter,27,21,14,21,101,89,2,2.71
2026-04-21,(direct) / (none),Direct,direct_none,61,52,28,35,73,231,0,0.0
2026-04-21,partner_sites / referral,Referral,agency_partner_backlinks,33,27,16,20,85,127,1,1.75
2026-04-22,google / organic,Organic Search,seo_service_pages,179,135,80,111,88,630,5,34.89
2026-04-22,google / cpc,Paid Search,google_brand_leads,92,66,39,53,75,312,5,109.31
2026-04-22,facebook / paid_social,Paid Social,fb_remarketing_portfolio,97,71,36,44,89,326,3,43.91
2026-04-22,newsletter / email,Email,monthly_newsletter,19,14,8,13,74,66,1,1.68
2026-04-22,(direct) / (none),Direct,direct_none,68,53,31,35,40,208,3,0.0
2026-04-22,partner_sites / referral,Referral,directory_referrals,28,20,11,17,60,85,1,1.52
2026-04-23,google / organic,Organic Search,organic_non_brand,208,161,93,154,65,676,6,39.36
2026-04-23,google / cpc,Paid Search,google_ecommerce_leads,80,66,40,49,107,275,4,98.05
2026-04-23,facebook / paid_social,Paid Social,fb_remarketing_portfolio,90,75,55,48,48,354,2,39.77
2026-04-23,newsletter / email,Email,monthly_newsletter,19,15,10,13,108,54,1,1.86
2026-04-23,(direct) / (none),Direct,direct_none,64,47,25,35,70,206,1,0.0
2026-04-23,partner_sites / referral,Referral,agency_partner_backlinks,39,30,17,22,89,136,1,2.06
2026-04-24,google / organic,Organic Search,seo_service_pages,166,139,100,104,130,638,8,31.48
2026-04-24,google / cpc,Paid Search,google_brand_leads,104,87,55,65,89,372,8,117.23
2026-04-24,facebook / paid_social,Paid Social,fb_business_website_awareness,100,78,40,46,80,254,4,43.69
2026-04-24,newsletter / email,Email,monthly_newsletter,23,16,11,16,76,82,1,2.29
2026-04-24,(direct) / (none),Direct,direct_none,47,34,24,26,104,169,1,0.0
2026-04-24,partner_sites / referral,Referral,agency_partner_backlinks,40,29,20,23,72,153,1,1.87
2026-04-25,google / organic,Organic Search,seo_service_pages,165,125,74,123,101,485,8,32.75
2026-04-25,google / cpc,Paid Search,google_website_service_leads,80,69,41,48,65,297,3,94.5
2026-04-25,facebook / paid_social,Paid Social,fb_remarketing_portfolio,64,56,33,30,74,159,3,29.36
2026-04-25,newsletter / email,Email,monthly_newsletter,18,14,10,14,105,59,1,1.75
2026-04-25,(direct) / (none),Direct,direct_none,51,44,32,28,36,162,1,0.0
2026-04-25,partner_sites / referral,Referral,directory_referrals,29,24,16,19,97,115,1,1.61
2026-04-26,google / organic,Organic Search,organic_non_brand,145,125,66,102,77,361,7,24.46
2026-04-26,google / cpc,Paid Search,google_brand_leads,80,59,34,43,70,324,5,94.16
2026-04-26,facebook / paid_social,Paid Social,fb_business_website_awareness,83,63,43,48,46,295,2,34.09
2026-04-26,newsletter / email,Email,monthly_newsletter,19,15,8,15,91,69,1,1.55
2026-04-26,(direct) / (none),Direct,direct_none,55,44,29,31,60,170,2,0.0
2026-04-26,partner_sites / referral,Referral,agency_partner_backlinks,29,22,11,18,103,94,0,1.46
2026-04-27,google / organic,Organic Search,seo_service_pages,231,172,111,152,72,865,13,44.22
2026-04-27,google / cpc,Paid Search,google_brand_leads,115,95,61,79,78,444,6,122.37
2026-04-27,facebook / paid_social,Paid Social,fb_remarketing_portfolio,107,85,48,45,73,416,4,49.74
2026-04-27,newsletter / email,Email,client_referral_nurture,28,22,14,20,128,101,2,2.8
2026-04-27,(direct) / (none),Direct,direct_none,70,60,42,35,113,256,3,0.0
2026-04-27,partner_sites / referral,Referral,directory_referrals,36,28,15,24,68,86,2,1.87
2026-04-28,google / organic,Organic Search,organic_non_brand,235,179,130,157,61,902,6,39.45
2026-04-28,google / cpc,Paid Search,google_website_service_leads,84,70,40,56,61,299,5,97.47
2026-04-28,facebook / paid_social,Paid Social,fb_business_website_awareness,100,78,49,51,49,256,6,43.56
2026-04-28,newsletter / email,Email,monthly_newsletter,22,19,12,16,96,56,1,1.9
2026-04-28,(direct) / (none),Direct,direct_none,60,44,30,38,58,163,3,0.0
2026-04-28,partner_sites / referral,Referral,agency_partner_backlinks,33,24,13,19,74,130,0,1.62
2026-04-29,google / organic,Organic Search,organic_non_brand,223,191,130,143,77,667,8,43.33
2026-04-29,google / cpc,Paid Search,google_website_service_leads,109,95,56,60,55,290,7,121.97
2026-04-29,facebook / paid_social,Paid Social,fb_ecommerce_leads,96,82,47,46,51,268,1,40.26
2026-04-29,newsletter / email,Email,client_referral_nurture,24,18,13,18,98,90,1,2.31
2026-04-29,(direct) / (none),Direct,direct_none,55,41,21,29,95,172,2,0.0
2026-04-29,partner_sites / referral,Referral,agency_partner_backlinks,36,29,16,22,34,111,1,1.99
2026-04-30,google / organic,Organic Search,seo_service_pages,187,147,83,126,65,560,9,33.63
2026-04-30,google / cpc,Paid Search,google_ecommerce_leads,96,78,52,65,58,304,5,114.23
2026-04-30,facebook / paid_social,Paid Social,fb_remarketing_portfolio,108,82,57,60,50,427,2,43.25
2026-04-30,newsletter / email,Email,client_referral_nurture,22,17,9,15,98,69,1,2.0
2026-04-30,(direct) / (none),Direct,direct_none,58,45,31,33,81,147,0,0.0
2026-04-30,partner_sites / referral,Referral,agency_partner_backlinks,31,24,17,15,69,81,1,1.61
2026-05-01,google / organic,Organic Search,organic_non_brand,197,151,86,126,95,705,12,39.29
2026-05-01,google / cpc,Paid Search,google_ecommerce_leads,95,74,48,53,61,368,6,105.64
2026-05-01,facebook / paid_social,Paid Social,fb_remarketing_portfolio,90,77,41,49,67,252,4,36.49
2026-05-01,newsletter / email,Email,monthly_newsletter,23,17,11,17,117,87,1,2.05
2026-05-01,(direct) / (none),Direct,direct_none,57,41,21,34,76,194,2,0.0
2026-05-01,partner_sites / referral,Referral,agency_partner_backlinks,30,22,13,18,72,91,1,1.59
2026-05-02,google / organic,Organic Search,organic_non_brand,175,139,83,125,102,537,6,34.81
2026-05-02,google / cpc,Paid Search,google_website_service_leads,78,58,37,47,56,294,5,81.56
2026-05-02,facebook / paid_social,Paid Social,fb_business_website_awareness,61,45,28,28,68,175,1,24.17
2026-05-02,newsletter / email,Email,monthly_newsletter,14,10,7,11,136,41,1,1.18
2026-05-02,(direct) / (none),Direct,direct_none,41,33,24,20,90,134,1,0.0
2026-05-02,partner_sites / referral,Referral,agency_partner_backlinks,24,20,14,14,77,64,1,1.17
2026-05-03,google / organic,Organic Search,seo_service_pages,158,131,94,90,71,607,8,27.35
2026-05-03,google / cpc,Paid Search,google_ecommerce_leads,72,53,39,45,69,275,2,79.14
2026-05-03,facebook / paid_social,Paid Social,fb_remarketing_portfolio,57,43,26,25,66,209,2,25.99
2026-05-03,newsletter / email,Email,client_referral_nurture,16,14,8,12,94,49,0,1.46
2026-05-03,(direct) / (none),Direct,direct_none,33,26,19,17,63,114,1,0.0
2026-05-03,partner_sites / referral,Referral,agency_partner_backlinks,22,16,11,14,62,64,0,1.17
2026-05-04,google / organic,Organic Search,organic_non_brand,201,161,106,137,93,505,7,33.41
2026-05-04,google / cpc,Paid Search,google_ecommerce_leads,70,55,35,42,103,234,4,72.51
2026-05-04,facebook / paid_social,Paid Social,fb_business_website_awareness,85,74,45,37,61,221,1,33.88
2026-05-04,newsletter / email,Email,monthly_newsletter,21,17,11,14,107,63,1,1.9
2026-05-04,(direct) / (none),Direct,direct_none,43,37,27,26,55,141,2,0.0
2026-05-04,partner_sites / referral,Referral,directory_referrals,31,22,12,17,79,117,0,1.57
2026-05-05,google / organic,Organic Search,seo_service_pages,198,165,115,120,96,804,12,39.25
2026-05-05,google / cpc,Paid Search,google_ecommerce_leads,102,88,57,67,66,344,8,113.56
2026-05-05,facebook / paid_social,Paid Social,fb_remarketing_portfolio,92,78,45,37,79,345,3,39.54
2026-05-05,newsletter / email,Email,client_referral_nurture,58,41,30,46,96,204,7,5.18
2026-05-05,(direct) / (none),Direct,direct_none,61,48,27,31,69,174,2,0.0
2026-05-05,partner_sites / referral,Referral,directory_referrals,25,18,11,16,62,94,1,1.24
2026-05-06,google / organic,Organic Search,seo_service_pages,213,161,85,158,107,669,8,42.29
2026-05-06,google / cpc,Paid Search,google_website_service_leads,90,67,40,60,83,272,6,93.84
2026-05-06,facebook / paid_social,Paid Social,fb_ecommerce_leads,88,70,42,38,52,342,2,39.87
2026-05-06,newsletter / email,Email,client_referral_nurture,17,12,8,13,109,54,1,1.7
2026-05-06,(direct) / (none),Direct,direct_none,52,37,23,28,73,133,2,0.0
2026-05-06,partner_sites / referral,Referral,directory_referrals,27,20,14,15,85,66,1,1.24
2026-05-07,google / organic,Organic Search,organic_non_brand,190,164,115,125,79,738,5,38.26
2026-05-07,google / cpc,Paid Search,google_brand_leads,82,62,40,55,39,311,4,101.93
2026-05-07,facebook / paid_social,Paid Social,fb_business_website_awareness,93,74,40,49,35,323,2,35.63
2026-05-07,newsletter / email,Email,monthly_newsletter,22,17,10,16,91,88,1,2.2
2026-05-07,(direct) / (none),Direct,direct_none,64,53,30,39,82,187,1,0.0
2026-05-07,partner_sites / referral,Referral,directory_referrals,35,27,17,20,90,106,1,1.88
2026-05-08,google / organic,Organic Search,seo_service_pages,159,116,86,114,80,495,5,30.34
2026-05-08,google / cpc,Paid Search,google_website_service_leads,70,60,39,38,67,204,3,85.29
2026-05-08,facebook / paid_social,Paid Social,fb_business_website_awareness,92,69,44,40,80,273,2,42.61
2026-05-08,newsletter / email,Email,client_referral_nurture,21,15,10,16,76,51,1,2.03
2026-05-08,(direct) / (none),Direct,direct_none,53,46,24,29,60,191,1,0.0
2026-05-08,partner_sites / referral,Referral,agency_partner_backlinks,36,26,16,20,127,102,1,1.91
2026-05-09,google / organic,Organic Search,seo_service_pages,126,102,54,83,80,329,6,22.15
2026-05-09,google / cpc,Paid Search,google_brand_leads,79,57,41,50,80,269,3,81.8
2026-05-09,facebook / paid_social,Paid Social,fb_ecommerce_leads,58,46,29,24,83,191,1,27.22
2026-05-09,newsletter / email,Email,client_referral_nurture,15,11,6,11,98,59,0,1.3
2026-05-09,(direct) / (none),Direct,direct_none,44,35,18,25,63,175,1,0.0
2026-05-09,partner_sites / referral,Referral,directory_referrals,21,16,11,14,73,62,0,0.95
2026-05-10,google / organic,Organic Search,organic_non_brand,163,141,85,106,91,429,5,28.35
2026-05-10,google / cpc,Paid Search,google_website_service_leads,61,48,28,34,109,221,3,66.86
2026-05-10,facebook / paid_social,Paid Social,fb_business_website_awareness,64,49,35,30,53,187,1,26.66
2026-05-10,newsletter / email,Email,monthly_newsletter,18,15,8,13,123,49,0,1.76
2026-05-10,(direct) / (none),Direct,direct_none,38,32,23,22,92,152,1,0.0
2026-05-10,partner_sites / referral,Referral,agency_partner_backlinks,20,15,11,12,87,59,0,0.91
2026-05-11,google / organic,Organic Search,seo_service_pages,208,152,86,135,68,779,12,40.99
2026-05-11,google / cpc,Paid Search,google_ecommerce_leads,102,76,39,63,91,248,5,123.4
2026-05-11,facebook / paid_social,Paid Social,fb_remarketing_portfolio,88,63,45,43,64,344,2,33.6
2026-05-11,newsletter / email,Email,monthly_newsletter,22,17,9,16,69,80,1,2.11
2026-05-11,(direct) / (none),Direct,direct_none,60,51,28,31,51,241,1,0.0
2026-05-11,partner_sites / referral,Referral,directory_referrals,24,17,10,16,102,74,1,1.26
2026-05-12,google / organic,Organic Search,organic_non_brand,199,173,121,132,88,582,8,37.26
2026-05-12,google / cpc,Paid Search,google_ecommerce_leads,80,65,40,47,90,198,4,102.64
2026-05-12,facebook / paid_social,Paid Social,fb_remarketing_portfolio,80,60,39,35,37,194,1,30.33
2026-05-12,newsletter / email,Email,client_referral_nurture,19,14,9,13,96,68,1,1.58
2026-05-12,(direct) / (none),Direct,direct_none,51,44,30,29,74,177,2,0.0
2026-05-12,partner_sites / referral,Referral,agency_partner_backlinks,31,25,17,18,118,89,1,1.43
2026-05-13,google / organic,Organic Search,seo_service_pages,217,160,117,155,102,591,10,42.83
2026-05-13,google / cpc,Paid Search,google_ecommerce_leads,87,74,41,48,69,265,5,103.98
2026-05-13,facebook / paid_social,Paid Social,fb_ecommerce_leads,65,50,34,30,68,243,2,25.53
2026-05-13,newsletter / email,Email,monthly_newsletter,18,13,9,12,109,49,1,1.54
2026-05-13,(direct) / (none),Direct,direct_none,54,41,24,30,85,173,3,0.0
2026-05-13,partner_sites / referral,Referral,directory_referrals,34,25,13,25,125,108,1,1.7
2026-05-14,google / organic,Organic Search,organic_non_brand,200,144,102,119,86,805,8,33.11
2026-05-14,google / cpc,Paid Search,google_website_service_leads,84,72,46,55,108,247,5,105.19
2026-05-14,facebook / paid_social,Paid Social,fb_business_website_awareness,81,68,36,40,48,329,3,36.2
2026-05-14,newsletter / email,Email,client_referral_nurture,22,16,8,14,109,59,1,1.99
2026-05-14,(direct) / (none),Direct,direct_none,56,41,29,36,88,169,1,0.0
2026-05-14,partner_sites / referral,Referral,agency_partner_backlinks,27,20,10,17,122,87,1,1.44
2026-05-15,google / organic,Organic Search,organic_non_brand,183,155,100,135,54,509,9,31.8
2026-05-15,google / cpc,Paid Search,google_website_service_leads,98,85,56,59,88,343,5,114.84
2026-05-15,facebook / paid_social,Paid Social,fb_business_website_awareness,92,76,54,45,39,364,1,36.17
2026-05-15,newsletter / email,Email,client_referral_nurture,25,21,13,18,77,96,1,2.2
2026-05-15,(direct) / (none),Direct,direct_none,57,46,24,33,81,157,2,0.0
2026-05-15,partner_sites / referral,Referral,agency_partner_backlinks,26,19,14,16,75,76,0,1.25
2026-05-16,google / organic,Organic Search,seo_service_pages,159,117,65,108,54,513,8,29.84
2026-05-16,google / cpc,Paid Search,google_ecommerce_leads,69,56,41,46,85,240,3,88.56
2026-05-16,facebook / paid_social,Paid Social,fb_remarketing_portfolio,66,50,26,36,66,183,2,27.18
2026-05-16,newsletter / email,Email,monthly_newsletter,18,14,7,13,77,66,0,1.46
2026-05-16,(direct) / (none),Direct,direct_none,34,26,17,18,71,100,2,0.0
2026-05-16,partner_sites / referral,Referral,directory_referrals,21,17,10,13,60,57,1,0.95
2026-05-17,google / organic,Organic Search,seo_service_pages,157,132,96,114,85,617,8,27.05
2026-05-17,google / cpc,Paid Search,google_brand_leads,65,48,33,37,80,158,3,69.42
2026-05-17,facebook / paid_social,Paid Social,fb_business_website_awareness,54,42,24,27,57,185,2,25.15
2026-05-17,newsletter / email,Email,client_referral_nurture,17,13,8,13,126,41,1,1.64
2026-05-17,(direct) / (none),Direct,direct_none,35,27,15,20,103,104,1,0.0
2026-05-17,partner_sites / referral,Referral,directory_referrals,22,17,9,13,90,69,1,1.21
2026-05-18,google / organic,Organic Search,organic_non_brand,223,193,103,146,133,898,12,40.3
2026-05-18,google / cpc,Paid Search,google_ecommerce_leads,87,67,42,48,74,295,5,109.17
2026-05-18,facebook / paid_social,Paid Social,fb_ecommerce_leads,70,60,38,33,43,267,2,32.8
2026-05-18,newsletter / email,Email,client_referral_nurture,23,20,14,15,84,69,1,2.27
2026-05-18,(direct) / (none),Direct,direct_none,62,54,36,33,91,221,2,0.0
2026-05-18,partner_sites / referral,Referral,agency_partner_backlinks,29,25,18,18,43,90,1,1.39
2026-05-19,google / organic,Organic Search,seo_service_pages,233,175,120,155,93,719,12,43.87
2026-05-19,google / cpc,Paid Search,google_brand_leads,70,52,28,47,60,178,5,84.46
2026-05-19,facebook / paid_social,Paid Social,fb_remarketing_portfolio,71,55,39,29,65,251,2,28.56
2026-05-19,newsletter / email,Email,monthly_newsletter,24,18,10,17,72,88,2,2.33
2026-05-19,(direct) / (none),Direct,direct_none,50,41,22,28,76,147,1,0.0
2026-05-19,partner_sites / referral,Referral,agency_partner_backlinks,25,19,10,14,91,60,1,1.2
2026-05-20,google / organic,Organic Search,organic_non_brand,213,179,100,139,77,601,7,41.84
2026-05-20,google / cpc,Paid Search,google_brand_leads,89,75,48,58,74,341,4,111.58
2026-05-20,facebook / paid_social,Paid Social,fb_business_website_awareness,64,47,33,29,49,240,1,27.89
2026-05-20,newsletter / email,Email,monthly_newsletter,65,47,32,46,71,175,8,6.52
2026-05-20,(direct) / (none),Direct,direct_none,52,40,24,28,69,182,1,0.0
2026-05-20,partner_sites / referral,Referral,directory_referrals,32,24,12,19,92,86,1,1.54
2026-05-21,google / organic,Organic Search,seo_service_pages,162,141,91,106,103,396,7,29.89
2026-05-21,google / cpc,Paid Search,google_brand_leads,68,54,37,45,82,189,4,80.41
2026-05-21,facebook / paid_social,Paid Social,fb_ecommerce_leads,96,69,42,43,21,300,5,43.31
2026-05-21,newsletter / email,Email,monthly_newsletter,20,16,8,16,105,49,1,1.64
2026-05-21,(direct) / (none),Direct,direct_none,51,42,27,26,68,207,1,0.0
2026-05-21,partner_sites / referral,Referral,agency_partner_backlinks,36,27,14,21,74,90,1,1.65
2026-05-22,google / organic,Organic Search,organic_non_brand,175,153,108,128,100,464,11,30.76
2026-05-22,google / cpc,Paid Search,google_ecommerce_leads,71,53,33,43,63,229,4,89.76
2026-05-22,facebook / paid_social,Paid Social,fb_remarketing_portfolio,68,52,32,34,57,260,2,27.94
2026-05-22,newsletter / email,Email,monthly_newsletter,17,14,7,12,72,65,1,1.49
2026-05-22,(direct) / (none),Direct,direct_none,60,45,31,27,76,208,2,0.0
2026-05-22,partner_sites / referral,Referral,agency_partner_backlinks,30,23,13,18,70,121,1,1.51
2026-05-23,google / organic,Organic Search,organic_non_brand,144,123,72,93,83,563,7,23.37
2026-05-23,google / cpc,Paid Search,google_website_service_leads,65,49,33,41,77,175,2,79.33
2026-05-23,facebook / paid_social,Paid Social,fb_ecommerce_leads,51,39,22,22,69,196,2,22.43
2026-05-23,newsletter / email,Email,client_referral_nurture,19,15,10,14,80,68,1,1.72
2026-05-23,(direct) / (none),Direct,direct_none,40,33,18,21,69,100,1,0.0
2026-05-23,partner_sites / referral,Referral,agency_partner_backlinks,22,19,10,16,64,71,1,1.16
2026-05-24,google / organic,Organic Search,seo_service_pages,154,130,75,103,115,550,7,25.67
2026-05-24,google / cpc,Paid Search,google_ecommerce_leads,43,31,16,28,96,155,3,44.53
2026-05-24,facebook / paid_social,Paid Social,fb_business_website_awareness,62,48,32,32,84,250,2,24.21
2026-05-24,newsletter / email,Email,client_referral_nurture,17,13,7,13,75,60,1,1.46
2026-05-24,(direct) / (none),Direct,direct_none,35,29,17,20,71,93,1,0.0
2026-05-24,partner_sites / referral,Referral,agency_partner_backlinks,19,16,8,12,91,56,0,1.02
2026-05-25,google / organic,Organic Search,seo_service_pages,173,126,73,112,69,669,7,32.45
2026-05-25,google / cpc,Paid Search,google_website_service_leads,75,54,40,45,91,260,3,82.92
2026-05-25,facebook / paid_social,Paid Social,fb_ecommerce_leads,69,55,31,30,61,197,2,31.35
2026-05-25,newsletter / email,Email,monthly_newsletter,20,17,9,14,74,81,1,1.8
2026-05-25,(direct) / (none),Direct,direct_none,55,40,21,32,89,173,2,0.0
2026-05-25,partner_sites / referral,Referral,agency_partner_backlinks,30,24,14,21,75,83,0,1.68
2026-05-26,google / organic,Organic Search,organic_non_brand,162,119,84,106,87,484,6,27.39
2026-05-26,google / cpc,Paid Search,google_website_service_leads,68,52,28,36,102,233,5,86.28
2026-05-26,facebook / paid_social,Paid Social,fb_business_website_awareness,82,59,36,40,46,326,3,36.15
2026-05-26,newsletter / email,Email,monthly_newsletter,18,13,9,13,78,68,1,1.81
2026-05-26,(direct) / (none),Direct,direct_none,53,38,24,31,128,152,0,0.0
2026-05-26,partner_sites / referral,Referral,directory_referrals,31,24,15,19,65,84,1,1.53
2026-05-27,google / organic,Organic Search,organic_non_brand,234,181,99,159,63,834,9,38.83
2026-05-27,google / cpc,Paid Search,google_website_service_leads,69,51,37,40,72,273,3,77.33
2026-05-27,facebook / paid_social,Paid Social,fb_business_website_awareness,71,56,34,38,65,253,1,32.41
2026-05-27,newsletter / email,Email,monthly_newsletter,21,16,8,15,111,74,1,1.99
2026-05-27,(direct) / (none),Direct,direct_none,52,38,24,29,72,178,2,0.0
2026-05-27,partner_sites / referral,Referral,directory_referrals,37,31,17,21,88,136,1,1.94
2026-05-28,google / organic,Organic Search,organic_non_brand,233,184,118,171,104,598,5,45.59
2026-05-28,google / cpc,Paid Search,google_brand_leads,59,46,24,34,84,158,3,66.68
2026-05-28,facebook / paid_social,Paid Social,fb_business_website_awareness,86,63,33,45,63,323,2,39.89
2026-05-28,newsletter / email,Email,client_referral_nurture,25,18,11,18,118,84,1,2.36
2026-05-28,(direct) / (none),Direct,direct_none,53,45,25,29,63,186,2,0.0
2026-05-28,partner_sites / referral,Referral,agency_partner_backlinks,29,25,15,18,99,98,0,1.4
2026-05-29,google / organic,Organic Search,organic_non_brand,164,144,93,120,95,532,6,28.19
2026-05-29,google / cpc,Paid Search,google_brand_leads,60,45,29,39,80,146,4,70.34
2026-05-29,facebook / paid_social,Paid Social,fb_remarketing_portfolio,67,57,33,36,62,246,1,30.59
2026-05-29,newsletter / email,Email,monthly_newsletter,23,19,14,16,136,69,1,2.09
2026-05-29,(direct) / (none),Direct,direct_none,49,40,23,26,64,125,1,0.0
2026-05-29,partner_sites / referral,Referral,directory_referrals,35,30,16,21,49,103,0,1.79
2026-05-30,google / organic,Organic Search,seo_service_pages,144,110,58,96,105,423,5,26.24
2026-05-30,google / cpc,Paid Search,google_website_service_leads,50,38,19,27,67,122,2,54.76
2026-05-30,facebook / paid_social,Paid Social,fb_ecommerce_leads,61,49,27,29,81,169,0,28.4
2026-05-30,newsletter / email,Email,client_referral_nurture,15,11,6,11,49,39,1,1.45
2026-05-30,(direct) / (none),Direct,direct_none,46,40,23,26,83,123,1,0.0
2026-05-30,partner_sites / referral,Referral,directory_referrals,27,22,12,18,94,71,1,1.28
2026-05-31,google / organic,Organic Search,organic_non_brand,165,128,89,106,84,498,13,30.68
2026-05-31,google / cpc,Paid Search,google_brand_leads,52,39,21,34,40,206,3,57.64
2026-05-31,facebook / paid_social,Paid Social,fb_business_website_awareness,64,55,31,31,65,191,2,29.19
2026-05-31,newsletter / email,Email,monthly_newsletter,19,15,9,14,91,69,1,1.64
2026-05-31,(direct) / (none),Direct,direct_none,37,27,14,18,72,129,1,0.0
2026-05-31,partner_sites / referral,Referral,agency_partner_backlinks,26,20,12,15,77,77,1,1.27
2026-06-01,google / organic,Organic Search,organic_non_brand,242,211,117,162,100,864,13,45.1
2026-06-01,google / cpc,Paid Search,google_website_service_leads,61,44,28,32,90,227,3,76.78
2026-06-01,facebook / paid_social,Paid Social,fb_ecommerce_leads,85,67,35,41,79,210,1,38.68
2026-06-01,newsletter / email,Email,monthly_newsletter,24,18,12,18,84,92,1,2.21
2026-06-01,(direct) / (none),Direct,direct_none,61,53,36,31,96,178,0,0.0
2026-06-01,partner_sites / referral,Referral,directory_referrals,39,32,18,24,72,121,1,2.13
2026-06-02,google / organic,Organic Search,organic_non_brand,182,157,89,125,73,645,8,30.94
2026-06-02,google / cpc,Paid Search,google_brand_leads,74,62,32,43,73,246,3,89.76
2026-06-02,facebook / paid_social,Paid Social,fb_business_website_awareness,77,63,39,32,56,236,3,32.23
2026-06-02,newsletter / email,Email,monthly_newsletter,19,15,10,14,75,72,1,1.8
2026-06-02,(direct) / (none),Direct,direct_none,70,56,41,42,71,235,1,0.0
2026-06-02,partner_sites / referral,Referral,directory_referrals,32,27,15,22,105,81,0,1.63
2026-06-03,google / organic,Organic Search,organic_non_brand,237,180,129,149,106,881,12,46.16
2026-06-03,google / cpc,Paid Search,google_website_service_leads,80,66,49,52,72,244,4,97.23
2026-06-03,facebook / paid_social,Paid Social,fb_ecommerce_leads,98,83,55,48,82,274,1,45.91
2026-06-03,newsletter / email,Email,client_referral_nurture,26,20,11,19,91,94,2,2.21
2026-06-03,(direct) / (none),Direct,direct_none,68,57,39,37,23,169,2,0.0
2026-06-03,partner_sites / referral,Referral,agency_partner_backlinks,27,22,13,17,69,98,1,1.27
2026-06-04,google / organic,Organic Search,organic_non_brand,170,136,77,118,99,541,9,27.67
2026-06-04,google / cpc,Paid Search,google_ecommerce_leads,65,51,30,40,111,236,4,82.17
2026-06-04,facebook / paid_social,Paid Social,fb_ecommerce_leads,101,83,51,48,82,268,4,47.11
2026-06-04,newsletter / email,Email,client_referral_nurture,20,16,9,14,96,81,1,1.82
2026-06-04,(direct) / (none),Direct,direct_none,69,50,27,42,61,249,3,0.0
2026-06-04,partner_sites / referral,Referral,agency_partner_backlinks,30,24,16,19,107,91,0,1.64
2026-06-05,google / organic,Organic Search,seo_service_pages,248,194,123,154,102,924,10,42.01
2026-06-05,google / cpc,Paid Search,google_website_service_leads,62,46,29,40,84,154,4,73.13
2026-06-05,facebook / paid_social,Paid Social,fb_ecommerce_leads,90,65,44,40,39,296,2,37.52
2026-06-05,newsletter / email,Email,client_referral_nurture,66,53,34,47,152,225,9,5.81
2026-06-05,(direct) / (none),Direct,direct_none,57,46,25,38,40,141,2,0.0
2026-06-05,partner_sites / referral,Referral,directory_referrals,34,26,16,20,97,94,1,1.55
2026-06-06,google / organic,Organic Search,seo_service_pages,176,137,101,127,87,564,8,35.28
2026-06-06,google / cpc,Paid Search,google_ecommerce_leads,46,37,20,30,98,115,3,54.81
2026-06-06,facebook / paid_social,Paid Social,fb_remarketing_portfolio,54,42,28,24,52,161,1,21.81
2026-06-06,newsletter / email,Email,client_referral_nurture,19,14,9,14,53,57,1,1.55
2026-06-06,(direct) / (none),Direct,direct_none,38,29,19,22,56,125,1,0.0
2026-06-06,partner_sites / referral,Referral,agency_partner_backlinks,29,22,12,19,70,79,1,1.59
2026-06-07,google / organic,Organic Search,organic_non_brand,143,111,64,95,84,389,4,27.16
2026-06-07,google / cpc,Paid Search,google_website_service_leads,47,40,23,30,96,126,3,57.01
2026-06-07,facebook / paid_social,Paid Social,fb_business_website_awareness,61,47,25,35,55,222,0,26.61
2026-06-07,newsletter / email,Email,client_referral_nurture,20,17,10,15,82,67,2,1.63
2026-06-07,(direct) / (none),Direct,direct_none,44,38,25,23,86,147,0,0.0
2026-06-07,partner_sites / referral,Referral,directory_referrals,27,23,17,17,91,105,1,1.38
2026-06-08,google / organic,Organic Search,seo_service_pages,233,189,115,169,84,776,12,39.37
2026-06-08,google / cpc,Paid Search,google_brand_leads,60,49,28,36,93,158,3,76.21
2026-06-08,facebook / paid_social,Paid Social,fb_business_website_awareness,90,69,36,39,100,292,5,41.42
2026-06-08,newsletter / email,Email,monthly_newsletter,19,14,8,14,110,54,1,1.58
2026-06-08,(direct) / (none),Direct,direct_none,67,55,30,41,65,183,4,0.0
2026-06-08,partner_sites / referral,Referral,directory_referrals,37,27,19,21,95,108,1,1.78
2026-06-09,google / organic,Organic Search,seo_service_pages,218,186,126,144,100,553,7,35.74
2026-06-09,google / cpc,Paid Search,google_brand_leads,64,51,28,39,53,214,3,80.34
2026-06-09,facebook / paid_social,Paid Social,fb_ecommerce_leads,94,79,58,37,54,257,3,39.86
2026-06-09,newsletter / email,Email,monthly_newsletter,25,19,10,18,73,90,1,2.26
2026-06-09,(direct) / (none),Direct,direct_none,70,56,31,31,68,193,2,0.0
2026-06-09,partner_sites / referral,Referral,directory_referrals,31,26,14,17,79,75,0,1.65
2026-06-10,google / organic,Organic Search,seo_service_pages,205,164,107,137,91,570,4,34.84
2026-06-10,google / cpc,Paid Search,google_brand_leads,63,54,38,35,111,153,4,69.04
2026-06-10,facebook / paid_social,Paid Social,fb_ecommerce_leads,96,81,58,49,102,352,1,36.95
2026-06-10,newsletter / email,Email,client_referral_nurture,18,14,8,12,63,49,1,1.59
2026-06-10,(direct) / (none),Direct,direct_none,69,51,31,42,104,192,1,0.0
2026-06-10,partner_sites / referral,Referral,agency_partner_backlinks,38,29,19,23,73,153,2,1.78
2026-06-11,google / organic,Organic Search,organic_non_brand,190,153,87,124,80,777,8,36.74
2026-06-11,google / cpc,Paid Search,google_website_service_leads,74,60,41,43,77,222,5,86.19
2026-06-11,facebook / paid_social,Paid Social,fb_ecommerce_leads,85,66,42,40,52,287,2,36.14
2026-06-11,newsletter / email,Email,client_referral_nurture,22,17,12,14,98,58,1,2.18
2026-06-11,(direct) / (none),Direct,direct_none,67,53,31,33,66,164,3,0.0
2026-06-11,partner_sites / referral,Referral,directory_referrals,33,24,12,21,44,103,1,1.63
2026-06-12,google / organic,Organic Search,seo_service_pages,255,211,126,178,74,650,14,49.53
2026-06-12,google / cpc,Paid Search,google_brand_leads,74,56,36,44,65,257,5,88.95
2026-06-12,facebook / paid_social,Paid Social,fb_remarketing_portfolio,76,62,45,35,84,221,4,34.59
2026-06-12,newsletter / email,Email,monthly_newsletter,19,15,11,14,94,54,1,1.81
2026-06-12,(direct) / (none),Direct,direct_none,64,48,33,36,82,188,2,0.0
2026-06-12,partner_sites / referral,Referral,agency_partner_backlinks,30,23,16,16,97,116,1,1.42
2026-06-13,google / organic,Organic Search,seo_service_pages,173,124,79,124,96,676,12,33.8
2026-06-13,google / cpc,Paid Search,google_brand_leads,55,40,25,30,55,167,3,62.54
2026-06-13,facebook / paid_social,Paid Social,fb_ecommerce_leads,68,50,34,31,45,181,1,30.21
2026-06-13,newsletter / email,Email,client_referral_nurture,20,16,10,13,95,71,1,1.98
2026-06-13,(direct) / (none),Direct,direct_none,52,43,26,30,57,209,1,0.0
2026-06-13,partner_sites / referral,Referral,directory_referrals,26,20,13,16,56,63,1,1.38
2026-06-14,google / organic,Organic Search,organic_non_brand,182,135,77,122,107,535,7,36.67
2026-06-14,google / cpc,Paid Search,google_brand_leads,68,53,33,41,70,243,4,75.42
2026-06-14,facebook / paid_social,Paid Social,fb_business_website_awareness,71,52,36,33,70,277,1,29.64
2026-06-14,newsletter / email,Email,client_referral_nurture,20,14,7,15,81,53,1,1.85
2026-06-14,(direct) / (none),Direct,direct_none,44,32,21,26,54,166,1,0.0
2026-06-14,partner_sites / referral,Referral,agency_partner_backlinks,27,23,12,17,135,79,1,1.32
2026-06-15,google / organic,Organic Search,seo_service_pages,200,174,116,142,123,759,7,37.73
2026-06-15,google / cpc,Paid Search,google_website_service_leads,87,63,41,45,45,282,6,91.02
2026-06-15,facebook / paid_social,Paid Social,fb_remarketing_portfolio,88,64,42,42,57,266,3,40.6
2026-06-15,newsletter / email,Email,client_referral_nurture,20,16,10,16,97,59,1,1.87
2026-06-15,(direct) / (none),Direct,direct_none,54,47,34,28,58,152,3,0.0
2026-06-15,partner_sites / referral,Referral,directory_referrals,34,24,13,19,76,133,1,1.57
2026-06-16,google / organic,Organic Search,organic_non_brand,181,140,98,137,73,717,8,36.4
2026-06-16,google / cpc,Paid Search,google_brand_leads,68,55,39,40,54,169,2,75.96
2026-06-16,facebook / paid_social,Paid Social,fb_remarketing_portfolio,75,57,42,35,46,219,2,34.75
2026-06-16,newsletter / email,Email,client_referral_nurture,26,19,10,18,116,93,2,2.22
2026-06-16,(direct) / (none),Direct,direct_none,50,42,28,29,62,178,1,0.0
2026-06-16,partner_sites / referral,Referral,directory_referrals,30,22,12,17,62,116,1,1.54
2026-06-17,google / organic,Organic Search,seo_service_pages,221,192,114,143,103,575,10,39.43
2026-06-17,google / cpc,Paid Search,google_ecommerce_leads,92,71,49,57,72,294,5,117.06
2026-06-17,facebook / paid_social,Paid Social,fb_ecommerce_leads,99,81,58,48,71,322,4,39.88
2026-06-17,newsletter / email,Email,monthly_newsletter,22,18,10,17,85,74,1,1.98
2026-06-17,(direct) / (none),Direct,direct_none,62,45,26,34,60,176,2,0.0
2026-06-17,partner_sites / referral,Referral,agency_partner_backlinks,36,26,18,23,115,125,1,1.82
2026-06-18,google / organic,Organic Search,organic_non_brand,182,148,104,127,79,591,8,31.34
2026-06-18,google / cpc,Paid Search,google_ecommerce_leads,69,58,40,43,75,224,4,81.62
2026-06-18,facebook / paid_social,Paid Social,fb_ecommerce_leads,85,71,44,40,47,245,2,34.56
2026-06-18,newsletter / email,Email,client_referral_nurture,19,14,9,14,111,71,1,1.65
2026-06-18,(direct) / (none),Direct,direct_none,57,46,33,36,73,153,1,0.0
2026-06-18,partner_sites / referral,Referral,agency_partner_backlinks,37,30,19,23,77,144,1,2.05
2026-06-19,google / organic,Organic Search,organic_non_brand,245,177,124,165,78,911,9,41.92
2026-06-19,google / cpc,Paid Search,google_brand_leads,67,52,29,41,67,244,5,79.03
2026-06-19,facebook / paid_social,Paid Social,fb_remarketing_portfolio,68,57,36,37,34,268,1,29.13
2026-06-19,newsletter / email,Email,client_referral_nurture,24,19,12,18,94,63,1,2.36
2026-06-19,(direct) / (none),Direct,direct_none,59,48,26,36,38,211,2,0.0
2026-06-19,partner_sites / referral,Referral,agency_partner_backlinks,30,24,15,18,84,120,1,1.65
2026-06-20,google / organic,Organic Search,organic_non_brand,137,117,62,81,98,456,4,25.54
2026-06-20,google / cpc,Paid Search,google_website_service_leads,50,43,25,24,85,147,2,53.38
2026-06-20,facebook / paid_social,Paid Social,fb_ecommerce_leads,60,45,30,29,68,222,2,24.17
2026-06-20,newsletter / email,Email,monthly_newsletter,52,42,25,38,94,184,7,4.81
2026-06-20,(direct) / (none),Direct,direct_none,41,34,21,21,77,124,1,0.0
2026-06-20,partner_sites / referral,Referral,directory_referrals,24,17,9,13,101,74,0,1.21
2026-06-21,google / organic,Organic Search,seo_service_pages,186,161,87,130,98,482,6,32.14
2026-06-21,google / cpc,Paid Search,google_ecommerce_leads,56,41,25,37,83,206,3,66.99
2026-06-21,facebook / paid_social,Paid Social,fb_business_website_awareness,60,46,27,24,53,214,0,23.72
2026-06-21,newsletter / email,Email,monthly_newsletter,19,15,10,13,107,59,1,1.69
2026-06-21,(direct) / (none),Direct,direct_none,51,39,25,32,32,141,1,0.0
2026-06-21,partner_sites / referral,Referral,directory_referrals,21,15,9,14,93,59,0,1.1
2026-06-22,google / organic,Organic Search,seo_service_pages,223,175,116,149,89,685,13,44.49
2026-06-22,google / cpc,Paid Search,google_ecommerce_leads,73,53,33,47,71,242,5,85.94
2026-06-22,facebook / paid_social,Paid Social,fb_ecommerce_leads,95,77,46,48,70,313,4,42.35
2026-06-22,newsletter / email,Email,monthly_newsletter,27,22,16,20,112,105,1,2.46
2026-06-22,(direct) / (none),Direct,direct_none,55,43,28,30,78,136,0,0.0
2026-06-22,partner_sites / referral,Referral,directory_referrals,36,31,19,19,96,106,1,1.68
2026-06-23,google / organic,Organic Search,organic_non_brand,198,143,103,130,77,641,10,34.85
2026-06-23,google / cpc,Paid Search,google_ecommerce_leads,91,71,48,57,51,369,6,112.68
2026-06-23,facebook / paid_social,Paid Social,fb_remarketing_portfolio,70,56,32,31,56,235,2,27.89
2026-06-23,newsletter / email,Email,client_referral_nurture,24,18,10,17,119,63,1,1.97
2026-06-23,(direct) / (none),Direct,direct_none,58,42,27,31,28,219,2,0.0
2026-06-23,partner_sites / referral,Referral,directory_referrals,28,21,15,17,69,111,1,1.41
2026-06-24,google / organic,Organic Search,organic_non_brand,241,208,112,144,90,761,13,45.74
2026-06-24,google / cpc,Paid Search,google_brand_leads,85,69,47,51,81,229,6,101.33
2026-06-24,facebook / paid_social,Paid Social,fb_ecommerce_leads,72,52,29,39,40,212,2,30.37
2026-06-24,newsletter / email,Email,monthly_newsletter,25,20,14,20,107,80,1,2.48
2026-06-24,(direct) / (none),Direct,direct_none,70,57,36,43,88,236,4,0.0
2026-06-24,partner_sites / referral,Referral,agency_partner_backlinks,35,26,16,22,95,84,2,1.94
2026-06-25,google / organic,Organic Search,organic_non_brand,237,203,112,157,84,914,15,42.11
2026-06-25,google / cpc,Paid Search,google_website_service_leads,79,65,46,46,67,204,4,85.11
2026-06-25,facebook / paid_social,Paid Social,fb_remarketing_portfolio,92,66,41,52,43,263,4,41.48
2026-06-25,newsletter / email,Email,client_referral_nurture,25,20,10,18,131,91,1,2.41
2026-06-25,(direct) / (none),Direct,direct_none,66,50,32,35,68,169,1,0.0
2026-06-25,partner_sites / referral,Referral,directory_referrals,39,30,16,26,91,158,1,2.11
2026-06-26,google / organic,Organic Search,seo_service_pages,225,194,110,168,88,694,10,42.58
2026-06-26,google / cpc,Paid Search,google_website_service_leads,71,54,31,44,96,197,4,73.77
2026-06-26,facebook / paid_social,Paid Social,fb_remarketing_portfolio,77,57,40,36,40,286,1,33.5
2026-06-26,newsletter / email,Email,monthly_newsletter,24,18,13,17,64,69,1,2.04
2026-06-26,(direct) / (none),Direct,direct_none,62,52,31,31,49,226,3,0.0
2026-06-26,partner_sites / referral,Referral,agency_partner_backlinks,29,22,15,19,75,110,1,1.54
2026-06-27,google / organic,Organic Search,seo_service_pages,184,157,96,119,77,601,12,36.71
2026-06-27,google / cpc,Paid Search,google_website_service_leads,58,47,30,38,79,195,3,68.34
2026-06-27,facebook / paid_social,Paid Social,fb_remarketing_portfolio,72,57,30,32,60,184,2,27.91
2026-06-27,newsletter / email,Email,monthly_newsletter,17,13,9,14,114,61,1,1.48
2026-06-27,(direct) / (none),Direct,direct_none,39,28,18,20,41,134,1,0.0
2026-06-27,partner_sites / referral,Referral,agency_partner_backlinks,31,25,15,21,95,110,1,1.65
2026-06-28,google / organic,Organic Search,organic_non_brand,180,157,82,122,67,580,8,33.95
2026-06-28,google / cpc,Paid Search,google_ecommerce_leads,49,41,29,30,67,143,3,62.13
2026-06-28,facebook / paid_social,Paid Social,fb_ecommerce_leads,51,42,29,24,59,182,0,23.43
2026-06-28,newsletter / email,Email,client_referral_nurture,15,12,7,11,64,41,0,1.49
2026-06-28,(direct) / (none),Direct,direct_none,53,44,29,29,70,144,1,0.0
2026-06-28,partner_sites / referral,Referral,directory_referrals,31,26,13,19,80,82,1,1.55
2026-06-29,google / organic,Organic Search,organic_non_brand,189,142,83,137,92,475,11,35.02
2026-06-29,google / cpc,Paid Search,google_website_service_leads,72,58,37,39,93,216,3,79.8
2026-06-29,facebook / paid_social,Paid Social,fb_ecommerce_leads,78,56,32,35,59,292,2,29.64
2026-06-29,newsletter / email,Email,monthly_newsletter,25,21,10,18,93,73,2,2.31
2026-06-29,(direct) / (none),Direct,direct_none,55,44,28,32,93,209,3,0.0
2026-06-29,partner_sites / referral,Referral,agency_partner_backlinks,29,23,14,20,75,77,0,1.53
2026-06-30,google / organic,Organic Search,organic_non_brand,262,189,134,165,99,839,13,50.78
2026-06-30,google / cpc,Paid Search,google_ecommerce_leads,88,71,39,43,96,227,5,96.32
2026-06-30,facebook / paid_social,Paid Social,fb_remarketing_portfolio,80,61,34,43,44,274,0,35.22
2026-06-30,newsletter / email,Email,monthly_newsletter,19,15,9,13,100,52,1,1.84
2026-06-30,(direct) / (none),Direct,direct_none,51,44,32,28,69,155,2,0.0
2026-06-30,partner_sites / referral,Referral,agency_partner_backlinks,37,28,20,23,113,126,1,1.77
